menu_type,sales_count,prepared_quantity_kg,sold_quantity_kg,time_of_day,day_of_week,is_holiday,special_event,surplus_kg
Veg,160,106.93,95.88,Dinner,Monday,0,No,11.05
Veg,153,99.56,96.5,Lunch,Tuesday,0,No,3.06
Veg,149,103.62,100.11,Lunch,Wednesday,1,Yes,3.51
Veg,154,138.42,119.8,Dinner,Thursday,0,No,18.62
Mixed,153,117.23,107.38,Dinner,Friday,0,No,9.85
Mixed,178,172.53,164.51,Dinner,Saturday,1,Yes,8.02
Mixed,159,85.21,74.06,Dinner,Sunday,1,No,11.15
Veg,127,156.75,137.79,Lunch,Monday,0,No,18.96
Non-Veg,71,96.41,78.59,Lunch,Tuesday,0,No,17.82
Non-Veg,77,185.92,183.55,Dinner,Wednesday,0,No,2.37
Veg,168,150.33,141.83,Dinner,Thursday,0,No,8.5
Veg,138,121.53,108.08,Dinner,Friday,0,No,13.45
Mixed,79,194.16,176.21,Dinner,Saturday,1,No,17.95
Veg,110,122.67,105.01,Lunch,Sunday,1,No,17.66
Veg,107,111.97,92.54,Lunch,Monday,0,Yes,19.43
Non-Veg,146,101.92,90.69,Dinner,Tuesday,0,No,11.23
Veg,169,131.0,115.4,Dinner,Wednesday,0,No,15.6
Non-Veg,115,123.93,122.7,Dinner,Thursday,0,No,1.23
Mixed,88,165.68,148.91,Lunch,Friday,0,No,16.77
Non-Veg,130,176.14,162.06,Lunch,Saturday,1,No,14.08
Non-Veg,178,103.52,92.49,Lunch,Sunday,1,No,11.03
Veg,100,96.67,78.57,Lunch,Monday,0,No,18.1
Veg,158,136.12,125.76,Dinner,Tuesday,0,No,10.36
Veg,139,182.78,181.01,Lunch,Wednesday,0,No,1.77
Veg,66,195.96,178.36,Lunch,Thursday,1,No,17.6
Mixed,58,145.09,135.89,Dinner,Friday,0,No,9.2
Veg,122,164.9,159.91,Dinner,Saturday,1,No,4.99
Veg,111,84.67,69.2,Dinner,Sunday,1,No,15.47
Non-Veg,50,152.52,148.36,Lunch,Monday,0,No,4.16
Mixed,148,149.24,129.6,Lunch,Tuesday,0,No,19.64
Veg,150,199.96,189.51,Dinner,Wednesday,1,No,10.45
Veg,145,92.04,88.86,Dinner,Thursday,0,No,3.18
Non-Veg,146,161.05,147.46,Dinner,Friday,1,No,13.59
Mixed,97,136.11,120.05,Lunch,Saturday,1,No,16.06
Veg,149,128.11,113.62,Lunch,Sunday,1,No,14.49
Non-Veg,89,86.7,67.03,Dinner,Monday,1,Yes,19.67
Veg,122,90.95,90.0,Lunch,Tuesday,0,No,0.95
Non-Veg,83,140.99,136.75,Lunch,Wednesday,0,No,4.24
Mixed,122,146.36,130.88,Lunch,Thursday,0,No,15.48
Mixed,128,115.49,103.92,Lunch,Friday,0,No,11.57
Non-Veg,134,93.44,87.45,Dinner,Saturday,1,No,5.99
Non-Veg,137,96.42,87.38,Lunch,Sunday,1,No,9.04
Mixed,178,102.8,87.52,Lunch,Monday,0,No,15.28
Mixed,99,137.01,130.57,Dinner,Tuesday,0,No,6.44
Mixed,78,191.17,189.08,Dinner,Wednesday,0,No,2.09
Mixed,166,134.97,126.85,Dinner,Thursday,0,No,8.12
Mixed,142,156.34,152.46,Lunch,Friday,0,No,3.88
Mixed,179,98.61,92.76,Lunch,Saturday,1,No,5.85
Non-Veg,150,94.65,83.96,Lunch,Sunday,1,Yes,10.69
Veg,102,105.16,102.62,Lunch,Monday,0,No,2.54
Non-Veg,54,116.28,96.9,Dinner,Tuesday,0,Yes,19.38
Non-Veg,88,172.06,157.36,Dinner,Wednesday,0,Yes,14.7
Non-Veg,93,134.38,119.94,Dinner,Thursday,0,No,14.44
Mixed,127,154.72,141.8,Dinner,Friday,0,No,12.92
Veg,112,185.04,183.68,Dinner,Saturday,1,No,1.36
Veg,54,137.64,120.57,Lunch,Sunday,1,No,17.07
Mixed,63,181.72,173.03,Lunch,Monday,0,No,8.69
Veg,155,96.8,90.18,Lunch,Tuesday,0,Yes,6.62
Veg,138,198.45,194.96,Lunch,Wednesday,0,No,3.49
Non-Veg,73,126.0,120.97,Lunch,Thursday,1,Yes,5.03
Mixed,74,139.0,132.63,Dinner,Friday,0,No,6.37
Veg,149,143.82,139.99,Lunch,Saturday,1,No,3.83
Non-Veg,175,183.13,177.71,Dinner,Sunday,1,No,5.42
Mixed,165,152.04,145.06,Lunch,Monday,0,Yes,6.98
Veg,76,116.79,110.05,Dinner,Tuesday,0,No,6.74
Non-Veg,63,165.43,162.93,Dinner,Wednesday,0,Yes,2.5
Non-Veg,107,116.57,112.69,Dinner,Thursday,0,No,3.88
Mixed,103,154.46,134.98,Lunch,Friday,0,No,19.48
Veg,99,149.71,132.08,Lunch,Saturday,1,No,17.63
Veg,117,171.76,169.42,Dinner,Sunday,1,No,2.34
Veg,165,179.63,172.56,Lunch,Monday,0,No,7.07
Veg,172,108.98,93.41,Dinner,Tuesday,0,No,15.57
Mixed,80,109.31,98.58,Dinner,Wednesday,0,Yes,10.73
Mixed,149,150.15,148.1,Dinner,Thursday,0,No,2.05
Veg,98,164.83,150.86,Lunch,Friday,0,Yes,13.97
Veg,120,165.15,156.02,Lunch,Saturday,1,No,9.13
Veg,126,187.04,170.12,Lunch,Sunday,1,No,16.92
Non-Veg,136,110.78,110.5,Dinner,Monday,0,Yes,0.28
Mixed,149,82.47,66.54,Dinner,Tuesday,0,No,15.93
Mixed,179,86.38,73.78,Lunch,Wednesday,0,Yes,12.6
Veg,173,108.69,93.3,Lunch,Thursday,0,No,15.39
Veg,99,126.36,107.06,Lunch,Friday,0,Yes,19.3
Mixed,64,140.22,137.03,Dinner,Saturday,1,No,3.19
Veg,88,101.11,100.23,Lunch,Sunday,1,No,0.88
Veg,139,124.51,109.92,Lunch,Monday,0,No,14.59
Mixed,67,172.23,170.78,Lunch,Tuesday,0,No,1.45
Non-Veg,55,127.61,109.1,Dinner,Wednesday,0,No,18.51
Mixed,163,167.52,163.25,Lunch,Thursday,0,No,4.27
Mixed,64,180.27,168.27,Lunch,Friday,1,No,12.0
Mixed,79,152.33,141.51,Dinner,Saturday,1,No,10.82
Non-Veg,101,157.96,150.71,Lunch,Sunday,1,No,7.25
Mixed,138,121.38,109.7,Dinner,Monday,0,No,11.68
Mixed,69,91.06,77.35,Lunch,Tuesday,0,No,13.71
Veg,50,140.41,129.47,Dinner,Wednesday,0,No,10.94
Non-Veg,135,139.67,126.11,Lunch,Thursday,0,No,13.56
Mixed,158,180.4,170.63,Dinner,Friday,0,No,9.77
Veg,129,112.37,101.84,Dinner,Saturday,1,No,10.53
Non-Veg,101,117.47,103.78,Lunch,Sunday,1,No,13.69
Mixed,135,176.83,167.3,Dinner,Monday,0,No,9.53
Mixed,132,172.59,162.27,Lunch,Tuesday,0,No,10.32
Mixed,103,152.02,143.48,Lunch,Wednesday,0,No,8.54
Mixed,60,128.13,124.73,Lunch,Thursday,0,No,3.4
Veg,171,100.35,83.63,Dinner,Friday,0,No,16.72
Non-Veg,179,194.43,176.55,Dinner,Saturday,1,No,17.88
Non-Veg,79,94.5,76.23,Dinner,Sunday,1,No,18.27
Non-Veg,63,115.85,106.85,Lunch,Monday,1,No,9.0
Veg,154,180.0,175.44,Lunch,Tuesday,0,Yes,4.56
Veg,61,193.27,192.32,Lunch,Wednesday,0,Yes,0.95
Non-Veg,113,128.08,113.91,Lunch,Thursday,0,Yes,14.17
Mixed,58,156.48,150.55,Dinner,Friday,0,Yes,5.93
Veg,84,191.23,184.33,Dinner,Saturday,1,No,6.9
Veg,176,149.37,144.46,Dinner,Sunday,1,Yes,4.91
Non-Veg,179,98.08,79.0,Lunch,Monday,1,No,19.08
Non-Veg,80,199.1,183.14,Dinner,Tuesday,0,Yes,15.96
Non-Veg,72,154.1,138.91,Lunch,Wednesday,0,No,15.19
Non-Veg,73,172.99,166.75,Dinner,Thursday,0,Yes,6.24
Non-Veg,62,163.29,162.48,Dinner,Friday,0,No,0.81
Non-Veg,158,180.49,174.74,Dinner,Saturday,1,No,5.75
Veg,61,109.99,101.72,Lunch,Sunday,1,No,8.27
Mixed,115,97.27,94.2,Lunch,Monday,0,No,3.07
Veg,81,145.17,137.93,Lunch,Tuesday,0,Yes,7.24
Non-Veg,99,191.07,182.73,Dinner,Wednesday,0,No,8.34
Veg,59,111.85,108.5,Lunch,Thursday,0,No,3.35
Veg,166,118.38,113.24,Dinner,Friday,0,Yes,5.14
Non-Veg,114,96.54,80.74,Lunch,Saturday,1,Yes,15.8
Non-Veg,105,135.2,125.32,Dinner,Sunday,1,No,9.88
Non-Veg,137,107.08,104.83,Lunch,Monday,0,No,2.25
Mixed,126,82.48,80.98,Lunch,Tuesday,0,No,1.5
Mixed,84,137.3,122.02,Dinner,Wednesday,0,No,15.28
Non-Veg,75,100.82,96.65,Dinner,Thursday,0,No,4.17
Non-Veg,166,193.63,173.82,Dinner,Friday,0,Yes,19.81
Mixed,150,118.3,104.16,Dinner,Saturday,1,No,14.14
Mixed,169,139.09,129.54,Dinner,Sunday,1,No,9.55
Veg,110,149.43,145.92,Dinner,Monday,0,No,3.51
Non-Veg,164,195.28,178.41,Lunch,Tuesday,0,No,16.87
Mixed,99,151.17,143.88,Lunch,Wednesday,0,No,7.29
Mixed,128,80.48,62.21,Dinner,Thursday,0,No,18.27
Veg,127,97.84,84.86,Dinner,Friday,0,No,12.98
Veg,127,179.52,174.75,Dinner,Saturday,1,No,4.77
Veg,167,175.48,155.67,Lunch,Sunday,1,No,19.81
Veg,112,94.29,76.3,Dinner,Monday,0,Yes,17.99
Mixed,50,139.99,125.04,Lunch,Tuesday,0,No,14.95
Non-Veg,108,97.41,82.54,Dinner,Wednesday,0,No,14.87
Non-Veg,96,159.68,143.42,Dinner,Thursday,0,No,16.26
Mixed,177,158.78,155.96,Lunch,Friday,0,No,2.82
Mixed,82,149.27,139.43,Dinner,Saturday,1,No,9.84
Veg,90,130.62,120.83,Dinner,Sunday,1,No,9.79
Veg,179,180.51,180.33,Lunch,Monday,0,No,0.18
Veg,60,96.57,91.91,Dinner,Tuesday,0,No,4.66
Mixed,139,140.9,125.41,Lunch,Wednesday,0,No,15.49
Non-Veg,128,111.31,91.72,Lunch,Thursday,1,No,19.59
Veg,106,122.39,115.37,Lunch,Friday,1,Yes,7.02
Veg,149,144.78,133.33,Lunch,Saturday,1,No,11.45
Veg,167,131.76,115.15,Dinner,Sunday,1,No,16.61
Veg,109,198.23,187.98,Lunch,Monday,0,No,10.25
Mixed,122,140.43,132.92,Lunch,Tuesday,0,No,7.51
Veg,121,97.73,80.72,Lunch,Wednesday,0,No,17.01
Non-Veg,98,83.02,72.33,Dinner,Thursday,0,No,10.69
Veg,149,158.63,158.27,Dinner,Friday,0,Yes,0.36
Non-Veg,89,134.54,131.47,Dinner,Saturday,1,No,3.07
Mixed,54,87.82,82.43,Lunch,Sunday,1,No,5.39
Veg,63,81.93,81.55,Lunch,Monday,1,No,0.38
Non-Veg,115,192.12,174.9,Lunch,Tuesday,0,No,17.22
Veg,107,148.78,139.46,Dinner,Wednesday,0,Yes,9.32
Non-Veg,68,192.36,182.11,Lunch,Thursday,0,No,10.25
Mixed,51,92.0,76.75,Dinner,Friday,0,No,15.25
Mixed,97,146.19,135.33,Dinner,Saturday,1,Yes,10.86
Mixed,160,152.03,134.53,Dinner,Sunday,1,No,17.5
Mixed,133,135.71,122.62,Dinner,Monday,0,No,13.09
Veg,141,119.62,111.51,Lunch,Tuesday,0,No,8.11
Non-Veg,65,101.07,83.17,Lunch,Wednesday,0,No,17.9
Non-Veg,166,167.04,157.37,Lunch,Thursday,0,No,9.67
Non-Veg,92,129.78,110.5,Dinner,Friday,0,No,19.28
Veg,152,199.02,190.52,Dinner,Saturday,1,No,8.5
Veg,179,181.9,168.38,Lunch,Sunday,1,No,13.52
Veg,75,131.24,123.52,Lunch,Monday,0,No,7.72
Mixed,110,95.9,88.88,Lunch,Tuesday,0,Yes,7.02
Non-Veg,91,108.08,97.89,Dinner,Wednesday,0,No,10.19
Non-Veg,90,184.51,169.11,Dinner,Thursday,0,Yes,15.4
Mixed,177,171.21,159.38,Dinner,Friday,0,No,11.83
Veg,80,196.55,188.87,Dinner,Saturday,1,Yes,7.68
Non-Veg,132,174.38,164.44,Lunch,Sunday,1,No,9.94
Mixed,175,180.1,165.86,Dinner,Monday,0,No,14.24
Veg,99,144.18,137.12,Lunch,Tuesday,0,Yes,7.06
Non-Veg,136,155.77,141.23,Lunch,Wednesday,0,No,14.54
Non-Veg,86,156.16,140.36,Lunch,Thursday,0,Yes,15.8
Non-Veg,137,190.5,176.16,Lunch,Friday,0,No,14.34
Non-Veg,159,166.91,151.57,Lunch,Saturday,1,Yes,15.34
Veg,67,185.2,172.17,Lunch,Sunday,1,No,13.03
Non-Veg,81,163.53,155.13,Lunch,Monday,0,No,8.4
Veg,153,165.89,158.55,Lunch,Tuesday,0,Yes,7.34
Veg,53,168.79,163.86,Lunch,Wednesday,0,No,4.93
Mixed,93,81.92,75.65,Lunch,Thursday,0,No,6.27
Veg,115,167.87,164.66,Dinner,Friday,0,No,3.21
Veg,118,98.58,79.78,Lunch,Saturday,1,Yes,18.8
Veg,140,161.76,152.79,Dinner,Sunday,1,No,8.97
Veg,80,174.93,164.15,Lunch,Monday,0,No,10.78
Non-Veg,87,153.24,133.58,Lunch,Tuesday,0,No,19.66
Veg,67,85.74,71.28,Dinner,Wednesday,0,No,14.46
Non-Veg,79,103.23,84.07,Dinner,Thursday,0,No,19.16
Non-Veg,131,80.22,67.88,Dinner,Friday,0,No,12.34
Veg,129,106.74,103.03,Dinner,Saturday,1,No,3.71
Mixed,90,152.31,138.04,Lunch,Sunday,1,No,14.27
Veg,136,160.83,160.0,Dinner,Monday,0,No,0.83
Mixed,96,150.65,142.41,Dinner,Tuesday,0,No,8.24
Non-Veg,130,134.14,116.13,Lunch,Wednesday,0,No,18.01
Non-Veg,158,81.25,62.5,Dinner,Thursday,0,No,18.75
Non-Veg,118,172.82,168.3,Lunch,Friday,0,No,4.52
Veg,158,147.29,137.48,Lunch,Saturday,1,No,9.81
Mixed,144,92.64,73.67,Dinner,Sunday,1,No,18.97
Mixed,163,173.16,156.74,Lunch,Monday,0,No,16.42
Non-Veg,180,83.14,75.69,Lunch,Tuesday,0,Yes,7.45
Mixed,51,154.1,153.28,Dinner,Wednesday,0,Yes,0.82
Mixed,74,102.46,85.17,Lunch,Thursday,0,Yes,17.29
Mixed,150,126.99,109.94,Lunch,Friday,0,No,17.05
Non-Veg,95,126.16,125.58,Lunch,Saturday,1,No,0.58
Non-Veg,103,142.78,138.14,Dinner,Sunday,1,No,4.64
Non-Veg,62,193.17,187.05,Dinner,Monday,0,Yes,6.12
Mixed,67,80.19,64.83,Dinner,Tuesday,0,No,15.36
Veg,127,106.64,91.97,Lunch,Wednesday,0,No,14.67
Non-Veg,55,137.9,125.0,Dinner,Thursday,0,No,12.9
Mixed,85,123.43,110.13,Dinner,Friday,0,Yes,13.3
Veg,79,180.6,177.69,Dinner,Saturday,1,No,2.91
Mixed,130,149.64,136.57,Dinner,Sunday,1,No,13.07
Non-Veg,114,158.2,151.34,Lunch,Monday,0,Yes,6.86
Veg,131,113.7,108.67,Dinner,Tuesday,0,No,5.03
Non-Veg,156,114.65,113.43,Dinner,Wednesday,0,No,1.22
Veg,118,193.3,173.99,Dinner,Thursday,0,Yes,19.31
Non-Veg,120,89.7,75.85,Lunch,Friday,0,No,13.85
Non-Veg,129,92.0,88.72,Lunch,Saturday,1,No,3.28
Veg,129,82.26,69.53,Lunch,Sunday,1,No,12.73
Veg,171,159.81,151.51,Dinner,Monday,0,No,8.3
Veg,65,92.05,75.16,Lunch,Tuesday,0,No,16.89
Veg,106,135.33,119.84,Lunch,Wednesday,1,No,15.49
Non-Veg,160,101.62,85.43,Dinner,Thursday,0,No,16.19
Non-Veg,84,191.82,187.84,Dinner,Friday,0,No,3.98
Non-Veg,58,85.98,84.22,Lunch,Saturday,1,No,1.76
Veg,119,87.98,73.94,Lunch,Sunday,1,No,14.04
Veg,123,199.34,182.69,Dinner,Monday,0,Yes,16.65
Mixed,83,103.4,92.53,Dinner,Tuesday,0,No,10.87
Mixed,141,149.51,149.29,Dinner,Wednesday,0,Yes,0.22
Veg,132,89.34,85.82,Dinner,Thursday,0,No,3.52
Non-Veg,74,89.59,85.29,Dinner,Friday,0,No,4.3
Veg,133,163.01,148.38,Dinner,Saturday,1,Yes,14.63
Non-Veg,106,173.56,172.89,Dinner,Sunday,1,No,0.67
Mixed,88,107.11,89.57,Lunch,Monday,0,No,17.54
Veg,156,89.58,87.23,Lunch,Tuesday,0,Yes,2.35
Mixed,169,132.67,132.61,Dinner,Wednesday,0,No,0.06
Non-Veg,167,141.34,122.24,Lunch,Thursday,1,No,19.1
Veg,120,131.52,118.84,Dinner,Friday,0,No,12.68
Mixed,104,154.03,137.54,Lunch,Saturday,1,No,16.49
Non-Veg,119,198.0,183.94,Dinner,Sunday,1,Yes,14.06
Non-Veg,86,198.98,197.11,Dinner,Monday,0,No,1.87
Mixed,73,127.76,121.39,Lunch,Tuesday,0,No,6.37
Mixed,131,111.34,108.07,Dinner,Wednesday,0,No,3.27
Non-Veg,70,193.74,181.04,Lunch,Thursday,0,No,12.7
Veg,110,190.18,178.56,Dinner,Friday,0,Yes,11.62
Veg,178,96.55,89.94,Dinner,Saturday,1,No,6.61
Mixed,127,169.69,169.61,Lunch,Sunday,1,No,0.08
Mixed,80,146.11,143.57,Lunch,Monday,0,No,2.54
Non-Veg,112,125.61,124.49,Lunch,Tuesday,0,No,1.12
Mixed,67,188.4,182.18,Dinner,Wednesday,0,No,6.22
Mixed,179,121.88,105.84,Lunch,Thursday,0,No,16.04
Non-Veg,61,155.09,148.69,Lunch,Friday,1,No,6.4
Veg,162,111.83,109.32,Dinner,Saturday,1,Yes,2.51
Non-Veg,85,185.29,182.28,Dinner,Sunday,1,No,3.01
Mixed,99,187.94,168.24,Dinner,Monday,0,No,19.7
Non-Veg,76,168.86,153.15,Lunch,Tuesday,0,No,15.71
Non-Veg,79,125.61,114.76,Dinner,Wednesday,0,Yes,10.85
Veg,156,188.32,177.79,Lunch,Thursday,0,No,10.53
Non-Veg,145,195.14,179.42,Dinner,Friday,0,No,15.72
Veg,113,124.07,111.27,Lunch,Saturday,1,No,12.8
Mixed,92,165.02,154.67,Dinner,Sunday,1,No,10.35
Veg,51,176.63,166.09,Lunch,Monday,0,No,10.54
Mixed,84,196.32,183.27,Dinner,Tuesday,0,No,13.05
Non-Veg,56,174.03,156.59,Lunch,Wednesday,0,No,17.44
Mixed,110,185.38,175.42,Lunch,Thursday,0,No,9.96
Mixed,74,142.72,128.81,Dinner,Friday,0,No,13.91
Non-Veg,69,159.8,143.34,Lunch,Saturday,1,Yes,16.46
Non-Veg,135,131.45,126.98,Lunch,Sunday,1,No,4.47
Mixed,172,83.25,80.71,Dinner,Monday,0,Yes,2.54
Veg,75,124.5,121.23,Lunch,Tuesday,0,No,3.27
Non-Veg,102,123.78,115.09,Lunch,Wednesday,0,No,8.69
Mixed,156,104.96,94.0,Lunch,Thursday,0,No,10.96
Veg,113,81.62,75.52,Lunch,Friday,0,Yes,6.1
Veg,156,169.28,156.8,Lunch,Saturday,1,No,12.48
Mixed,81,173.83,156.16,Dinner,Sunday,1,Yes,17.67
Mixed,54,162.11,157.91,Lunch,Monday,0,No,4.2
Veg,61,135.86,119.14,Lunch,Tuesday,1,Yes,16.72
Veg,76,148.34,129.1,Dinner,Wednesday,0,No,19.24
Non-Veg,164,168.45,149.9,Lunch,Thursday,0,No,18.55
Veg,158,136.14,130.77,Lunch,Friday,0,Yes,5.37
Veg,101,186.6,184.47,Dinner,Saturday,1,No,2.13
Veg,65,119.36,118.13,Dinner,Sunday,1,No,1.23
Veg,110,126.64,112.14,Dinner,Monday,0,No,14.5
Mixed,53,99.4,89.68,Lunch,Tuesday,0,No,9.72
Mixed,85,188.39,183.63,Lunch,Wednesday,0,No,4.76
Veg,122,149.24,132.58,Dinner,Thursday,0,No,16.66
Veg,143,82.0,73.71,Dinner,Friday,0,No,8.29
Mixed,118,96.85,84.43,Lunch,Saturday,1,No,12.42
Veg,139,111.15,97.73,Lunch,Sunday,1,No,13.42
Veg,172,85.33,78.23,Dinner,Monday,1,No,7.1
Mixed,77,189.55,180.41,Dinner,Tuesday,0,No,9.14
Mixed,110,102.42,94.79,Dinner,Wednesday,0,No,7.63
Non-Veg,100,130.72,119.1,Lunch,Thursday,0,Yes,11.62
Veg,147,97.1,82.44,Dinner,Friday,0,No,14.66
Veg,166,138.67,130.68,Dinner,Saturday,1,No,7.99
Non-Veg,120,183.87,175.03,Dinner,Sunday,1,No,8.84
Veg,178,124.38,107.94,Lunch,Monday,1,No,16.44
Veg,113,164.1,160.6,Lunch,Tuesday,0,No,3.5
Veg,74,99.71,84.19,Lunch,Wednesday,0,No,15.52
Mixed,142,87.66,80.81,Lunch,Thursday,0,No,6.85
Mixed,82,102.26,87.21,Dinner,Friday,0,No,15.05
Veg,58,144.71,135.12,Dinner,Saturday,1,No,9.59
Veg,118,86.7,69.95,Dinner,Sunday,1,No,16.75
Non-Veg,118,116.36,110.07,Lunch,Monday,0,Yes,6.29
Veg,152,138.36,135.87,Dinner,Tuesday,0,No,2.49
Non-Veg,125,146.71,132.07,Lunch,Wednesday,0,No,14.64
Veg,112,174.86,162.08,Lunch,Thursday,0,No,12.78
Mixed,133,96.01,84.22,Lunch,Friday,0,No,11.79
Veg,125,154.83,152.71,Lunch,Saturday,1,No,2.12
Mixed,97,193.16,187.65,Dinner,Sunday,1,Yes,5.51
Non-Veg,82,111.96,103.85,Lunch,Monday,0,Yes,8.11
Non-Veg,56,153.06,151.47,Lunch,Tuesday,0,No,1.59
Veg,157,133.14,114.11,Dinner,Wednesday,0,No,19.03
Mixed,120,97.87,90.31,Dinner,Thursday,0,No,7.56
Non-Veg,87,90.64,84.91,Lunch,Friday,0,No,5.73
Veg,62,177.73,176.08,Dinner,Saturday,1,No,1.65
Mixed,68,92.36,78.42,Dinner,Sunday,1,No,13.94
Mixed,125,195.74,190.3,Lunch,Monday,0,No,5.44
Mixed,151,120.39,117.48,Dinner,Tuesday,0,No,2.91
Veg,100,144.72,128.32,Lunch,Wednesday,0,No,16.4
Veg,94,83.92,71.89,Dinner,Thursday,0,No,12.03
Non-Veg,91,130.01,117.63,Lunch,Friday,0,Yes,12.38
Veg,112,111.72,95.12,Dinner,Saturday,1,Yes,16.6
Non-Veg,71,107.57,94.93,Lunch,Sunday,1,No,12.64
Veg,75,189.76,178.91,Lunch,Monday,0,No,10.85
Non-Veg,120,156.32,148.07,Lunch,Tuesday,0,No,8.25
Mixed,54,100.2,89.36,Lunch,Wednesday,0,Yes,10.84
Veg,145,130.07,114.65,Lunch,Thursday,1,Yes,15.42
Mixed,60,84.06,83.8,Lunch,Friday,0,No,0.26
Veg,169,179.24,163.12,Lunch,Saturday,1,No,16.12
Veg,126,94.87,80.05,Lunch,Sunday,1,No,14.82
Mixed,157,164.07,158.63,Lunch,Monday,0,No,5.44
Non-Veg,129,81.89,80.09,Dinner,Tuesday,0,No,1.8
Mixed,82,85.66,65.93,Lunch,Wednesday,0,Yes,19.73
Non-Veg,136,199.69,184.24,Dinner,Thursday,1,No,15.45
Non-Veg,178,109.99,105.18,Lunch,Friday,0,No,4.81
Non-Veg,106,158.7,147.68,Dinner,Saturday,1,No,11.02
Mixed,175,195.22,185.02,Dinner,Sunday,1,No,10.2
Veg,127,177.96,168.27,Dinner,Monday,0,No,9.69
Veg,171,142.62,124.13,Lunch,Tuesday,0,Yes,18.49
Veg,92,170.66,155.36,Dinner,Wednesday,0,No,15.3
Veg,149,96.53,96.07,Dinner,Thursday,0,No,0.46
Veg,151,172.02,155.23,Dinner,Friday,0,No,16.79
Mixed,92,189.4,179.26,Lunch,Saturday,1,No,10.14
Non-Veg,108,106.62,89.56,Lunch,Sunday,1,No,17.06
Non-Veg,52,161.89,151.76,Lunch,Monday,0,No,10.13
Mixed,171,92.84,79.95,Lunch,Tuesday,1,No,12.89
Veg,176,143.53,140.64,Dinner,Wednesday,0,Yes,2.89
Veg,154,126.8,108.22,Lunch,Thursday,0,No,18.58
Veg,121,142.78,136.96,Lunch,Friday,0,No,5.82
Mixed,71,178.34,171.28,Dinner,Saturday,1,No,7.06
Mixed,126,159.61,144.77,Lunch,Sunday,1,No,14.84
Non-Veg,74,110.56,107.93,Dinner,Monday,0,No,2.63
Non-Veg,62,109.29,98.35,Lunch,Monday,0,No,10.94
Mixed,149,175.33,157.22,Lunch,Tuesday,0,Yes,18.11
Veg,76,165.17,150.99,Dinner,Wednesday,0,No,14.18
Veg,139,150.22,144.77,Dinner,Thursday,0,Yes,5.45
Non-Veg,167,130.24,111.88,Dinner,Friday,0,Yes,18.36
Veg,72,134.44,131.52,Dinner,Saturday,1,No,2.92
Veg,51,158.62,154.31,Dinner,Sunday,1,No,4.31
Non-Veg,143,113.96,97.16,Lunch,Monday,0,No,16.8
Non-Veg,162,90.34,71.54,Lunch,Tuesday,0,No,18.8
Non-Veg,88,101.52,81.73,Lunch,Wednesday,0,No,19.79
Mixed,160,115.58,111.77,Lunch,Thursday,0,No,3.81
Non-Veg,164,188.51,186.38,Dinner,Friday,0,No,2.13
Non-Veg,89,99.0,81.81,Dinner,Saturday,1,No,17.19
Mixed,175,100.38,91.48,Lunch,Sunday,1,No,8.9
Veg,136,108.05,102.01,Lunch,Monday,0,No,6.04
Mixed,116,155.4,155.27,Lunch,Tuesday,1,No,0.13
Non-Veg,57,117.59,110.19,Lunch,Wednesday,0,Yes,7.4
Non-Veg,179,100.22,91.55,Dinner,Thursday,0,No,8.67
Veg,165,122.53,117.81,Dinner,Friday,0,No,4.72
Mixed,112,172.78,170.4,Dinner,Saturday,1,No,2.38
Veg,103,109.52,107.58,Lunch,Sunday,1,No,1.94
Non-Veg,104,181.57,178.75,Dinner,Monday,0,No,2.82
Mixed,67,174.04,171.7,Lunch,Tuesday,0,No,2.34
Mixed,69,97.76,78.92,Dinner,Wednesday,1,No,18.84
Mixed,104,133.14,124.21,Dinner,Thursday,0,Yes,8.93
Veg,98,176.85,161.84,Dinner,Friday,0,No,15.01
Non-Veg,86,122.01,113.05,Lunch,Saturday,1,No,8.96
Non-Veg,122,176.47,175.15,Dinner,Sunday,1,Yes,1.32
Veg,81,95.58,83.96,Dinner,Monday,1,Yes,11.62
Non-Veg,83,173.88,173.21,Lunch,Tuesday,0,No,0.67
Veg,107,139.88,129.14,Lunch,Wednesday,0,No,10.74
Non-Veg,180,130.44,124.76,Dinner,Thursday,0,No,5.68
Veg,54,81.12,72.57,Lunch,Friday,0,No,8.55
Mixed,100,160.2,158.95,Dinner,Saturday,1,No,1.25
Mixed,168,175.75,158.76,Lunch,Sunday,1,No,16.99
Veg,57,166.55,159.57,Dinner,Monday,0,No,6.98
Veg,162,80.56,66.78,Dinner,Tuesday,0,Yes,13.78
Non-Veg,147,195.47,183.11,Dinner,Wednesday,1,No,12.36
Mixed,125,98.11,80.32,Lunch,Thursday,0,No,17.79
Mixed,72,130.13,125.48,Lunch,Friday,0,No,4.65
Mixed,172,128.91,119.74,Dinner,Saturday,1,No,9.17
Veg,165,129.65,122.08,Dinner,Sunday,1,No,7.57
Veg,69,108.7,95.27,Dinner,Monday,1,No,13.43
Veg,170,156.62,155.55,Lunch,Tuesday,0,No,1.07
Mixed,126,147.43,134.55,Lunch,Wednesday,1,No,12.88
Veg,160,186.05,183.07,Dinner,Thursday,0,No,2.98
Mixed,132,99.74,80.11,Dinner,Friday,0,No,19.63
Veg,142,158.06,155.43,Dinner,Saturday,1,No,2.63
Non-Veg,125,174.25,159.74,Lunch,Sunday,1,No,14.51
Veg,83,150.72,132.11,Dinner,Monday,0,Yes,18.61
Veg,116,131.97,128.46,Lunch,Tuesday,0,No,3.51
Non-Veg,144,114.63,111.89,Lunch,Wednesday,0,No,2.74
Non-Veg,91,94.92,84.63,Dinner,Thursday,0,No,10.29
Veg,114,97.21,83.08,Lunch,Friday,0,No,14.13
Non-Veg,180,110.15,102.79,Lunch,Saturday,1,No,7.36
Non-Veg,88,85.47,72.64,Dinner,Sunday,1,Yes,12.83
Mixed,155,153.38,133.87,Dinner,Monday,0,No,19.51
Veg,56,98.79,82.37,Lunch,Tuesday,0,No,16.42
Mixed,51,147.86,131.61,Dinner,Wednesday,0,No,16.25
Mixed,102,169.09,162.63,Lunch,Thursday,0,No,6.46
Veg,62,137.14,135.26,Lunch,Friday,0,No,1.88
Veg,158,87.61,72.98,Lunch,Saturday,1,No,14.63
Non-Veg,106,111.76,101.41,Lunch,Sunday,1,No,10.35
Mixed,177,86.16,79.61,Lunch,Monday,0,No,6.55
Non-Veg,70,121.27,102.3,Lunch,Tuesday,1,No,18.97
Mixed,149,145.01,139.02,Dinner,Wednesday,0,No,5.99
Non-Veg,106,185.08,184.86,Lunch,Thursday,0,No,0.22
Non-Veg,79,169.93,168.95,Dinner,Friday,0,No,0.98
Mixed,68,165.59,151.41,Lunch,Saturday,1,No,14.18
Non-Veg,60,161.35,146.6,Lunch,Sunday,1,No,14.75
Non-Veg,75,195.4,194.74,Dinner,Monday,1,No,0.66
Non-Veg,91,138.64,137.25,Lunch,Tuesday,0,No,1.39
Veg,144,137.1,133.15,Dinner,Wednesday,1,No,3.95
Mixed,73,134.44,121.04,Dinner,Thursday,1,No,13.4
Veg,169,177.28,158.83,Lunch,Friday,1,No,18.45
Veg,128,122.01,116.92,Lunch,Saturday,1,No,5.09
Mixed,112,150.94,140.97,Dinner,Sunday,1,No,9.97
Veg,98,149.65,134.01,Lunch,Monday,0,No,15.64
Veg,79,192.27,188.63,Lunch,Tuesday,0,No,3.64
Mixed,164,193.52,180.49,Lunch,Wednesday,0,No,13.03
Mixed,102,148.02,135.27,Dinner,Thursday,0,No,12.75
Mixed,168,139.56,127.23,Dinner,Friday,0,No,12.33
Non-Veg,106,149.91,136.67,Dinner,Saturday,1,No,13.24
Veg,86,97.16,81.18,Dinner,Sunday,1,No,15.98
Mixed,143,103.86,103.59,Dinner,Monday,0,No,0.27
Non-Veg,160,128.75,112.87,Dinner,Tuesday,0,No,15.88
Mixed,173,160.05,148.24,Lunch,Wednesday,0,No,11.81
Non-Veg,122,107.32,90.18,Dinner,Thursday,0,Yes,17.14
Veg,146,174.5,156.88,Lunch,Friday,0,No,17.62
Veg,77,199.12,184.72,Dinner,Saturday,1,No,14.4
Veg,129,142.85,131.35,Dinner,Sunday,1,No,11.5
Non-Veg,53,93.39,73.93,Lunch,Monday,0,Yes,19.46
Mixed,156,195.6,188.25,Dinner,Tuesday,0,No,7.35
Mixed,64,124.79,115.55,Lunch,Wednesday,0,No,9.24
Veg,106,117.85,107.48,Dinner,Thursday,0,No,10.37
Non-Veg,103,166.6,158.11,Dinner,Friday,1,Yes,8.49
Mixed,98,82.82,76.12,Lunch,Saturday,1,Yes,6.7
Non-Veg,150,172.29,159.42,Dinner,Sunday,1,No,12.87
Veg,137,159.37,139.43,Lunch,Monday,0,No,19.94
Veg,100,109.99,91.17,Lunch,Tuesday,0,No,18.82
Veg,81,149.58,138.25,Lunch,Wednesday,0,No,11.33
Non-Veg,110,188.84,175.62,Dinner,Thursday,0,Yes,13.22
Non-Veg,119,170.55,166.4,Lunch,Friday,1,No,4.15
Mixed,102,96.59,95.89,Lunch,Saturday,1,No,0.7
Veg,54,121.53,120.72,Lunch,Sunday,1,No,0.81
Non-Veg,146,108.55,92.48,Dinner,Monday,1,Yes,16.07
Veg,103,145.74,145.04,Lunch,Tuesday,0,No,0.7
Non-Veg,148,98.96,89.23,Lunch,Wednesday,0,No,9.73
Mixed,125,98.91,84.72,Lunch,Thursday,0,No,14.19
Non-Veg,105,128.93,112.37,Lunch,Friday,0,Yes,16.56
Veg,152,133.57,126.07,Lunch,Saturday,1,Yes,7.5
Non-Veg,84,129.7,119.3,Lunch,Sunday,1,No,10.4
Veg,138,157.0,156.21,Dinner,Monday,0,No,0.79
Mixed,99,93.22,75.54,Dinner,Tuesday,0,Yes,17.68
Veg,60,101.66,84.81,Dinner,Wednesday,0,No,16.85
Veg,91,186.1,179.93,Dinner,Thursday,0,No,6.17
Veg,55,105.88,99.3,Lunch,Friday,0,No,6.58
Non-Veg,80,100.58,92.07,Dinner,Saturday,1,No,8.51
Veg,178,114.22,107.6,Lunch,Sunday,1,No,6.62
Veg,74,111.84,110.88,Lunch,Monday,0,No,0.96
Mixed,159,174.41,160.28,Dinner,Tuesday,0,No,14.13
Mixed,99,192.26,175.7,Lunch,Wednesday,0,No,16.56
Mixed,151,146.77,138.78,Dinner,Thursday,0,No,7.99
Non-Veg,116,184.13,171.99,Dinner,Friday,0,No,12.14
Mixed,131,150.4,149.29,Lunch,Saturday,1,No,1.11
Mixed,68,134.74,118.37,Lunch,Sunday,1,No,16.37
Veg,146,184.2,178.67,Dinner,Monday,1,Yes,5.53
Mixed,179,178.75,167.82,Dinner,Tuesday,0,No,10.93
Non-Veg,56,124.76,113.43,Lunch,Wednesday,0,No,11.33
Mixed,100,148.21,131.26,Lunch,Thursday,0,No,16.95
Mixed,60,196.26,180.73,Lunch,Friday,0,No,15.53
Veg,111,86.67,73.98,Dinner,Saturday,1,No,12.69
Mixed,110,171.85,155.5,Dinner,Sunday,1,No,16.35
Non-Veg,75,112.1,108.27,Lunch,Monday,0,No,3.83
Veg,166,129.22,111.88,Lunch,Tuesday,0,No,17.34
Mixed,174,137.35,129.92,Dinner,Wednesday,0,No,7.43
Mixed,72,191.62,173.18,Dinner,Thursday,0,Yes,18.44
Mixed,91,178.45,172.69,Dinner,Friday,1,No,5.76
Veg,131,195.23,193.41,Lunch,Saturday,1,Yes,1.82
Non-Veg,128,129.49,124.92,Lunch,Sunday,1,No,4.57
Non-Veg,148,136.67,132.85,Lunch,Monday,0,No,3.82
Non-Veg,133,155.12,147.72,Dinner,Tuesday,0,No,7.4
Veg,77,96.79,78.9,Dinner,Wednesday,0,No,17.89
Mixed,71,188.03,176.4,Dinner,Thursday,0,Yes,11.63
Veg,132,151.76,145.47,Dinner,Friday,0,No,6.29
Non-Veg,132,173.48,155.21,Lunch,Saturday,1,Yes,18.27
Non-Veg,81,113.47,103.99,Lunch,Sunday,1,No,9.48
Mixed,151,113.37,95.29,Dinner,Monday,0,Yes,18.08
Mixed,135,178.24,165.58,Dinner,Tuesday,0,No,12.66
Mixed,174,156.57,156.14,Dinner,Wednesday,0,No,0.43
Mixed,80,151.73,135.51,Lunch,Thursday,0,No,16.22
Veg,98,84.46,72.41,Dinner,Friday,0,No,12.05
Veg,151,86.07,80.74,Lunch,Saturday,1,No,5.33
Veg,165,191.78,183.3,Dinner,Sunday,1,No,8.48
Veg,132,185.03,170.12,Lunch,Monday,0,No,14.91
Non-Veg,99,146.89,136.31,Dinner,Tuesday,0,No,10.58
Non-Veg,144,131.59,127.65,Lunch,Wednesday,0,No,3.94
Non-Veg,97,132.98,120.99,Dinner,Thursday,0,No,11.99
Veg,110,134.19,125.56,Dinner,Friday,0,No,8.63
Non-Veg,61,148.47,133.81,Dinner,Saturday,1,No,14.66
Mixed,112,130.39,115.17,Dinner,Sunday,1,Yes,15.22
Non-Veg,169,80.86,80.66,Dinner,Monday,0,No,0.2
Veg,154,115.07,102.07,Dinner,Tuesday,0,No,13.0
Mixed,92,155.33,138.38,Lunch,Wednesday,0,Yes,16.95
Veg,118,160.44,143.99,Lunch,Thursday,0,No,16.45
Mixed,116,186.84,179.08,Lunch,Friday,0,No,7.76
Veg,96,196.59,191.09,Lunch,Saturday,1,No,5.5
Non-Veg,55,105.81,91.17,Dinner,Sunday,1,No,14.64
Non-Veg,72,175.58,156.5,Lunch,Monday,0,No,19.08
Mixed,142,129.49,109.6,Dinner,Tuesday,0,No,19.89
Mixed,138,176.48,158.14,Dinner,Wednesday,0,Yes,18.34
Mixed,67,171.95,153.05,Lunch,Thursday,0,No,18.9
Mixed,133,93.22,79.93,Dinner,Friday,0,No,13.29
Mixed,157,176.98,172.11,Dinner,Saturday,1,Yes,4.87
Non-Veg,136,120.95,105.93,Dinner,Sunday,1,Yes,15.02
Mixed,174,115.53,106.17,Lunch,Monday,0,Yes,9.36
Mixed,97,93.87,87.92,Dinner,Tuesday,1,No,5.95
Non-Veg,147,184.46,177.89,Dinner,Wednesday,0,No,6.57
Non-Veg,114,99.01,90.61,Lunch,Thursday,1,Yes,8.4
Veg,100,188.89,173.67,Dinner,Friday,0,No,15.22
Veg,112,95.57,79.4,Lunch,Saturday,1,No,16.17
Mixed,71,91.13,87.52,Dinner,Sunday,1,No,3.61
Veg,178,114.63,110.41,Dinner,Monday,0,No,4.22
Mixed,140,153.13,145.57,Lunch,Tuesday,0,No,7.56
Mixed,176,84.05,80.92,Dinner,Wednesday,0,No,3.13
Veg,123,175.46,165.13,Lunch,Thursday,0,No,10.33
Veg,155,170.44,152.8,Lunch,Friday,0,Yes,17.64
Mixed,115,180.02,174.83,Dinner,Saturday,1,Yes,5.19
Non-Veg,123,197.83,181.32,Dinner,Sunday,1,No,16.51
Veg,67,191.77,175.78,Lunch,Monday,1,Yes,15.99
Veg,176,140.75,134.88,Dinner,Tuesday,0,No,5.87
Veg,83,144.91,130.17,Dinner,Wednesday,0,No,14.74
Non-Veg,50,97.43,91.17,Dinner,Thursday,1,No,6.26
Veg,100,153.47,141.77,Lunch,Friday,0,No,11.7
Veg,148,109.77,93.77,Dinner,Saturday,1,No,16.0
Veg,55,131.43,113.4,Dinner,Sunday,1,No,18.03
Mixed,68,98.92,85.23,Lunch,Monday,0,No,13.69
Mixed,180,180.1,178.98,Lunch,Tuesday,0,No,1.12
Veg,69,188.04,176.82,Lunch,Wednesday,0,No,11.22
Veg,129,128.82,117.41,Lunch,Thursday,1,Yes,11.41
Veg,138,148.66,130.41,Dinner,Friday,0,No,18.25
Non-Veg,174,143.3,129.64,Dinner,Saturday,1,Yes,13.66
Non-Veg,144,186.07,176.0,Lunch,Sunday,1,No,10.07
Mixed,124,96.32,82.59,Lunch,Monday,0,No,13.73
Mixed,65,154.11,140.54,Dinner,Tuesday,1,No,13.57
Veg,147,138.12,136.45,Lunch,Wednesday,0,No,1.67
Veg,142,144.86,141.78,Lunch,Thursday,0,No,3.08
Veg,162,168.98,150.74,Dinner,Friday,0,No,18.24
Non-Veg,155,83.36,77.45,Dinner,Saturday,1,No,5.91
Veg,126,106.0,87.55,Dinner,Sunday,1,No,18.45
Veg,81,80.21,60.36,Lunch,Monday,0,Yes,19.85
Non-Veg,138,148.41,136.14,Dinner,Tuesday,0,Yes,12.27
Mixed,140,155.23,149.71,Dinner,Wednesday,0,No,5.52
Non-Veg,170,82.33,63.28,Dinner,Thursday,0,No,19.05
Non-Veg,169,181.85,166.98,Dinner,Friday,0,Yes,14.87
Veg,77,182.82,167.15,Dinner,Saturday,1,No,15.67
Non-Veg,161,110.37,105.66,Lunch,Sunday,1,No,4.71
Non-Veg,146,197.53,192.93,Dinner,Monday,0,Yes,4.6
Non-Veg,130,180.53,177.1,Dinner,Tuesday,0,No,3.43
Veg,87,138.5,128.42,Dinner,Wednesday,0,No,10.08
Mixed,151,188.47,183.6,Dinner,Thursday,0,No,4.87
Veg,50,116.86,106.93,Lunch,Friday,0,Yes,9.93
Veg,90,199.77,193.82,Lunch,Saturday,1,No,5.95
Non-Veg,171,81.54,70.41,Dinner,Sunday,1,No,11.13
Non-Veg,62,128.74,111.59,Lunch,Monday,0,No,17.15
Mixed,99,196.82,177.2,Lunch,Tuesday,0,No,19.62
Mixed,141,87.12,70.69,Dinner,Wednesday,0,No,16.43
Non-Veg,92,125.96,106.62,Lunch,Thursday,0,No,19.34
Non-Veg,90,194.87,182.59,Dinner,Friday,0,No,12.28
Mixed,50,108.04,89.89,Dinner,Saturday,1,No,18.15
Mixed,139,173.87,160.23,Lunch,Sunday,1,No,13.64
Non-Veg,157,169.55,158.93,Lunch,Monday,1,No,10.62
Non-Veg,147,173.5,171.46,Lunch,Tuesday,0,No,2.04
Non-Veg,107,116.24,109.97,Dinner,Wednesday,0,No,6.27
Mixed,171,150.69,143.34,Dinner,Thursday,0,No,7.35
Veg,75,192.25,184.29,Lunch,Friday,0,No,7.96
Non-Veg,150,196.37,180.83,Dinner,Saturday,1,No,15.54
Non-Veg,110,86.21,73.93,Lunch,Sunday,1,Yes,12.28
Mixed,50,115.14,108.46,Lunch,Monday,0,No,6.68
Veg,166,124.41,110.12,Dinner,Tuesday,0,Yes,14.29
Mixed,94,131.52,116.43,Dinner,Wednesday,1,No,15.09
Mixed,130,90.51,87.41,Dinner,Thursday,0,No,3.1
Veg,102,97.02,86.03,Dinner,Friday,0,Yes,10.99
Veg,145,125.69,117.62,Dinner,Saturday,1,No,8.07
Mixed,177,122.97,104.11,Lunch,Sunday,1,No,18.86
Veg,160,94.79,88.97,Dinner,Monday,0,Yes,5.82
Non-Veg,110,93.84,81.82,Dinner,Tuesday,1,No,12.02
Veg,74,107.86,105.61,Lunch,Wednesday,0,No,2.25
Mixed,124,154.1,137.49,Dinner,Thursday,0,No,16.61
Veg,74,194.76,182.59,Lunch,Friday,1,No,12.17
Non-Veg,142,135.96,117.6,Dinner,Saturday,1,No,18.36
Veg,173,138.06,121.26,Dinner,Sunday,1,No,16.8
Non-Veg,101,120.75,108.16,Dinner,Monday,0,No,12.59
Non-Veg,148,94.03,80.56,Lunch,Tuesday,0,No,13.47
Non-Veg,73,178.15,161.78,Dinner,Wednesday,0,No,16.37
Mixed,64,180.44,167.75,Dinner,Thursday,0,No,12.69
Mixed,51,187.04,181.73,Dinner,Friday,0,No,5.31
Mixed,52,169.96,159.43,Lunch,Saturday,1,No,10.53
Non-Veg,113,106.51,92.49,Lunch,Sunday,1,No,14.02
Non-Veg,89,109.53,105.75,Lunch,Monday,0,Yes,3.78
Non-Veg,105,179.07,166.42,Dinner,Tuesday,0,Yes,12.65
Non-Veg,100,132.81,124.01,Dinner,Wednesday,0,No,8.8
Non-Veg,152,178.57,164.23,Dinner,Thursday,1,No,14.34
Mixed,72,155.33,148.44,Dinner,Friday,0,Yes,6.89
Non-Veg,116,120.71,106.19,Dinner,Saturday,1,No,14.52
Veg,168,165.77,146.53,Lunch,Sunday,1,No,19.24
Mixed,139,152.69,133.45,Dinner,Monday,0,No,19.24
Mixed,95,192.76,172.89,Dinner,Tuesday,0,Yes,19.87
Veg,84,131.4,118.9,Dinner,Wednesday,0,No,12.5
Mixed,118,179.55,168.1,Lunch,Thursday,0,No,11.45
Mixed,172,199.89,185.38,Dinner,Friday,0,No,14.51
Mixed,102,184.25,179.7,Dinner,Saturday,1,No,4.55
Non-Veg,114,171.34,156.32,Dinner,Sunday,1,No,15.02
Veg,145,179.33,170.33,Lunch,Monday,0,No,9.0
Mixed,124,185.8,167.51,Dinner,Tuesday,0,No,18.29
Mixed,166,175.07,171.87,Lunch,Wednesday,0,No,3.2
Mixed,69,138.22,135.62,Dinner,Thursday,0,No,2.6
Veg,139,172.59,165.63,Dinner,Friday,0,Yes,6.96
Veg,61,160.5,142.26,Lunch,Saturday,1,No,18.24
Non-Veg,155,167.18,153.1,Lunch,Sunday,1,No,14.08
Non-Veg,69,82.23,74.21,Dinner,Monday,0,Yes,8.02
Non-Veg,159,118.49,109.5,Dinner,Tuesday,0,No,8.99
Veg,116,160.35,143.91,Dinner,Wednesday,0,No,16.44
Non-Veg,92,151.06,143.71,Lunch,Thursday,1,No,7.35
Veg,167,80.38,79.7,Dinner,Friday,0,Yes,0.68
Non-Veg,151,187.27,173.16,Lunch,Saturday,1,Yes,14.11
Veg,127,162.7,149.55,Dinner,Sunday,1,No,13.15
Veg,137,192.91,189.68,Lunch,Monday,0,No,3.23
Non-Veg,63,104.39,87.81,Lunch,Tuesday,0,Yes,16.58
Non-Veg,161,179.81,161.7,Lunch,Wednesday,0,No,18.11
Veg,127,83.49,64.65,Lunch,Thursday,0,No,18.84
Non-Veg,154,188.99,181.07,Lunch,Friday,0,No,7.92
Mixed,149,176.68,173.43,Dinner,Saturday,1,No,3.25
Non-Veg,88,188.18,181.81,Lunch,Sunday,1,Yes,6.37
Non-Veg,99,96.7,96.52,Dinner,Monday,0,No,0.18
Non-Veg,140,122.54,109.57,Lunch,Tuesday,0,No,12.97
Veg,79,193.05,173.75,Dinner,Wednesday,0,No,19.3
Mixed,100,87.53,75.26,Lunch,Thursday,0,No,12.27
Non-Veg,146,136.68,135.65,Dinner,Friday,0,No,1.03
Veg,173,122.56,120.06,Lunch,Saturday,1,No,2.5
Non-Veg,169,109.44,106.16,Dinner,Sunday,1,Yes,3.28
Mixed,157,166.45,148.88,Dinner,Monday,0,No,17.57
Veg,103,191.15,187.39,Lunch,Tuesday,0,Yes,3.76
Non-Veg,68,198.65,187.74,Lunch,Wednesday,0,No,10.91
Veg,142,168.32,161.91,Lunch,Thursday,0,No,6.41
Veg,114,153.25,151.44,Dinner,Friday,0,No,1.81
Veg,101,174.23,169.93,Dinner,Saturday,1,No,4.3
Non-Veg,97,158.98,140.34,Dinner,Sunday,1,Yes,18.64
Non-Veg,145,161.19,159.9,Dinner,Monday,0,Yes,1.29
Non-Veg,129,189.79,176.62,Lunch,Tuesday,0,No,13.17
Mixed,74,164.91,152.76,Lunch,Wednesday,0,No,12.15
Non-Veg,65,127.52,116.05,Lunch,Thursday,0,No,11.47
Veg,101,84.32,66.11,Dinner,Friday,1,Yes,18.21
Veg,155,96.69,82.76,Lunch,Saturday,1,No,13.93
Veg,110,137.71,120.37,Lunch,Sunday,1,No,17.34
Mixed,128,189.22,187.68,Dinner,Monday,0,Yes,1.54
Veg,124,118.96,101.98,Dinner,Tuesday,0,Yes,16.98
Mixed,73,116.97,103.34,Dinner,Wednesday,0,Yes,13.63
Mixed,128,159.32,154.31,Dinner,Thursday,0,Yes,5.01
Mixed,125,119.71,113.38,Dinner,Friday,0,No,6.33
Mixed,157,198.36,181.65,Dinner,Saturday,1,No,16.71
Veg,52,191.3,186.94,Lunch,Sunday,1,No,4.36
Veg,70,174.43,159.52,Dinner,Monday,0,No,14.91
Veg,167,118.06,102.12,Dinner,Tuesday,0,No,15.94
Veg,113,180.0,171.98,Lunch,Wednesday,0,No,8.02
Mixed,176,106.77,101.39,Lunch,Thursday,0,No,5.38
Non-Veg,91,146.99,144.46,Dinner,Friday,0,No,2.53
Non-Veg,87,146.03,138.1,Lunch,Saturday,1,No,7.93
Veg,86,128.17,112.95,Dinner,Sunday,1,No,15.22
Mixed,105,106.22,97.25,Dinner,Monday,0,No,8.97
Mixed,72,106.45,96.18,Lunch,Tuesday,0,No,10.27
Veg,98,169.86,157.4,Lunch,Wednesday,0,No,12.46
Mixed,164,171.53,163.94,Lunch,Thursday,0,No,7.59
Non-Veg,175,181.37,171.73,Dinner,Friday,0,No,9.64
Non-Veg,90,188.4,174.87,Lunch,Saturday,1,No,13.53
Mixed,140,106.48,90.93,Lunch,Sunday,1,No,15.55
Non-Veg,162,123.54,123.52,Lunch,Monday,0,No,0.02
Mixed,121,87.76,75.12,Lunch,Tuesday,0,No,12.64
Mixed,61,183.82,173.6,Lunch,Wednesday,0,No,10.22
Mixed,86,143.65,132.11,Dinner,Thursday,0,No,11.54
Mixed,81,195.74,177.22,Lunch,Friday,0,No,18.52
Veg,78,187.19,180.43,Lunch,Saturday,1,No,6.76
Veg,168,177.49,161.49,Dinner,Sunday,1,No,16.0
Mixed,175,127.47,114.51,Lunch,Monday,0,No,12.96
Non-Veg,95,145.85,129.88,Lunch,Tuesday,0,No,15.97
Veg,172,166.3,147.91,Lunch,Wednesday,0,No,18.39
Mixed,116,82.02,81.59,Dinner,Thursday,0,Yes,0.43
Mixed,146,161.38,150.37,Dinner,Friday,0,No,11.01
Non-Veg,80,189.72,175.31,Dinner,Saturday,1,No,14.41
Veg,158,136.36,132.94,Lunch,Sunday,1,No,3.42
Veg,162,147.93,134.67,Lunch,Monday,0,Yes,13.26
Non-Veg,114,136.8,122.56,Lunch,Tuesday,0,No,14.24
Mixed,58,160.87,140.96,Dinner,Wednesday,0,No,19.91
Veg,146,109.26,106.52,Dinner,Thursday,0,No,2.74
Veg,172,165.92,153.47,Dinner,Friday,0,No,12.45
Veg,81,97.01,82.04,Dinner,Saturday,1,No,14.97
Mixed,108,99.47,96.04,Dinner,Sunday,1,No,3.43
Mixed,151,191.85,175.26,Dinner,Monday,0,Yes,16.59
Veg,97,183.09,168.76,Dinner,Tuesday,0,No,14.33
Veg,133,107.17,101.96,Lunch,Wednesday,0,No,5.21
Mixed,123,185.92,173.16,Lunch,Thursday,0,No,12.76
Veg,79,116.95,113.31,Dinner,Friday,0,No,3.64
Non-Veg,62,172.13,155.48,Lunch,Saturday,1,Yes,16.65
Non-Veg,164,140.11,127.6,Dinner,Sunday,1,No,12.51
Veg,160,187.69,179.74,Lunch,Monday,0,No,7.95
Veg,168,191.39,177.93,Lunch,Monday,0,No,13.46
Non-Veg,155,160.61,148.0,Lunch,Tuesday,0,Yes,12.61
Veg,165,129.84,129.08,Dinner,Wednesday,0,No,0.76
Mixed,55,88.33,83.48,Dinner,Thursday,0,No,4.85
Mixed,168,161.1,154.25,Lunch,Friday,0,No,6.85
Veg,129,175.98,157.54,Dinner,Saturday,1,No,18.44
Mixed,135,135.79,131.45,Dinner,Sunday,1,No,4.34
Mixed,94,107.56,92.35,Lunch,Monday,1,No,15.21
Mixed,64,194.24,192.96,Dinner,Tuesday,0,Yes,1.28
Mixed,63,172.73,155.65,Dinner,Wednesday,0,No,17.08
Non-Veg,62,116.04,108.9,Dinner,Thursday,0,No,7.14
Non-Veg,95,175.29,165.11,Dinner,Friday,1,No,10.18
Veg,72,104.54,99.02,Lunch,Saturday,1,No,5.52
Non-Veg,169,139.88,131.18,Dinner,Sunday,1,No,8.7
Veg,107,110.85,95.31,Lunch,Monday,0,No,15.54
Mixed,96,121.42,104.54,Lunch,Tuesday,0,No,16.88
Veg,106,129.58,118.08,Dinner,Wednesday,1,No,11.5
Non-Veg,73,89.52,86.8,Lunch,Thursday,0,No,2.72
Non-Veg,158,125.51,113.31,Lunch,Friday,0,No,12.2
Non-Veg,79,91.12,86.7,Lunch,Saturday,1,Yes,4.42
Veg,149,94.17,79.23,Dinner,Sunday,1,No,14.94
Mixed,58,189.55,187.64,Dinner,Monday,0,No,1.91
Mixed,62,141.05,137.64,Lunch,Tuesday,0,No,3.41
Mixed,112,131.68,117.28,Lunch,Wednesday,0,Yes,14.4
Non-Veg,153,172.58,170.79,Lunch,Thursday,0,No,1.79
Veg,74,109.1,107.05,Lunch,Friday,0,Yes,2.05
Non-Veg,148,115.15,106.63,Lunch,Saturday,1,No,8.52
Veg,128,174.17,170.65,Lunch,Sunday,1,No,3.52
Veg,50,144.88,139.87,Dinner,Monday,0,No,5.01
Mixed,70,123.57,105.46,Dinner,Tuesday,0,No,18.11
Veg,174,85.14,68.86,Lunch,Wednesday,0,Yes,16.28
Veg,57,137.17,133.21,Dinner,Thursday,0,No,3.96
Veg,83,126.66,123.69,Dinner,Friday,0,No,2.97
Mixed,50,192.52,188.94,Lunch,Saturday,1,Yes,3.58
Non-Veg,110,178.87,169.11,Dinner,Sunday,1,No,9.76
Veg,119,161.89,161.53,Dinner,Monday,0,No,0.36
Veg,58,131.79,114.06,Lunch,Tuesday,0,No,17.73
Veg,83,89.23,82.04,Dinner,Wednesday,0,No,7.19
Non-Veg,54,121.43,119.13,Lunch,Thursday,0,No,2.3
Veg,170,140.65,127.2,Dinner,Friday,0,No,13.45
Non-Veg,171,102.64,95.41,Dinner,Saturday,1,Yes,7.23
Non-Veg,118,166.98,156.14,Lunch,Sunday,1,No,10.84
Veg,78,160.72,145.75,Dinner,Monday,0,No,14.97
Veg,121,147.69,146.79,Lunch,Tuesday,0,Yes,0.9
Non-Veg,126,154.95,151.44,Dinner,Wednesday,0,No,3.51
Mixed,149,83.04,71.26,Dinner,Thursday,1,No,11.78
Non-Veg,174,133.5,114.96,Lunch,Friday,0,Yes,18.54
Non-Veg,82,97.84,85.92,Lunch,Saturday,1,No,11.92
Mixed,146,175.39,159.39,Lunch,Sunday,1,No,16.0
Mixed,79,166.2,162.8,Dinner,Monday,0,Yes,3.4
Veg,99,147.51,143.32,Lunch,Tuesday,0,No,4.19
Non-Veg,60,199.59,195.07,Dinner,Wednesday,0,No,4.52
Mixed,69,191.05,174.3,Lunch,Thursday,1,No,16.75
Non-Veg,97,121.81,115.51,Dinner,Friday,1,No,6.3
Mixed,174,132.47,120.54,Lunch,Saturday,1,No,11.93
Non-Veg,134,105.26,92.44,Dinner,Sunday,1,No,12.82
Non-Veg,144,156.6,148.28,Lunch,Monday,0,No,8.32
Mixed,73,112.65,104.69,Dinner,Tuesday,0,No,7.96
Mixed,89,141.2,123.41,Dinner,Wednesday,0,Yes,17.79
Mixed,165,97.47,89.51,Dinner,Thursday,0,Yes,7.96
Mixed,60,188.79,171.86,Dinner,Friday,0,No,16.93
Non-Veg,176,143.09,138.01,Lunch,Saturday,1,Yes,5.08
Mixed,160,160.75,159.04,Dinner,Sunday,1,No,1.71
Non-Veg,146,170.72,168.51,Lunch,Monday,0,No,2.21
Veg,110,91.34,86.81,Lunch,Tuesday,0,No,4.53
Non-Veg,92,96.52,86.71,Dinner,Wednesday,1,No,9.81
Mixed,87,165.15,152.58,Lunch,Thursday,0,Yes,12.57
Non-Veg,168,91.17,89.48,Lunch,Friday,0,No,1.69
Mixed,87,167.93,165.11,Lunch,Saturday,1,No,2.82
Veg,154,152.87,134.08,Lunch,Sunday,1,No,18.79
Non-Veg,112,148.35,135.57,Dinner,Monday,0,Yes,12.78
Non-Veg,178,188.44,180.74,Dinner,Tuesday,0,Yes,7.7
Veg,83,153.82,149.54,Dinner,Wednesday,0,No,4.28
Non-Veg,179,81.38,73.72,Dinner,Thursday,0,Yes,7.66
Non-Veg,148,116.51,99.62,Lunch,Friday,0,No,16.89
Mixed,97,133.9,133.5,Dinner,Saturday,1,No,0.4
Mixed,124,186.21,176.85,Dinner,Sunday,1,No,9.36
Veg,83,192.59,173.06,Dinner,Monday,0,No,19.53
Veg,166,125.43,123.51,Lunch,Tuesday,1,Yes,1.92
Veg,108,191.34,185.42,Lunch,Wednesday,0,No,5.92
Non-Veg,128,147.65,140.52,Dinner,Thursday,0,No,7.13
Mixed,125,127.02,124.81,Dinner,Friday,0,No,2.21
Mixed,50,167.71,162.73,Lunch,Saturday,1,Yes,4.98
Mixed,126,183.5,163.65,Lunch,Sunday,1,No,19.85
Veg,99,171.54,158.86,Dinner,Monday,0,No,12.68
Veg,82,152.75,147.26,Dinner,Tuesday,0,No,5.49
Non-Veg,175,165.94,165.18,Lunch,Wednesday,0,No,0.76
Mixed,126,152.41,143.3,Lunch,Thursday,0,No,9.11
Veg,160,142.56,133.39,Lunch,Friday,0,Yes,9.17
Mixed,76,110.1,91.42,Dinner,Saturday,1,No,18.68
Non-Veg,86,131.3,126.71,Dinner,Sunday,1,No,4.59
Veg,97,112.0,99.07,Dinner,Monday,0,No,12.93
Non-Veg,92,168.6,161.49,Dinner,Tuesday,0,No,7.11
Non-Veg,109,189.74,184.93,Lunch,Wednesday,0,No,4.81
Veg,96,132.76,129.51,Lunch,Thursday,0,No,3.25
Veg,87,118.42,98.52,Dinner,Friday,0,No,19.9
Veg,79,98.78,88.07,Lunch,Saturday,1,No,10.71
Veg,85,176.57,162.9,Dinner,Sunday,1,No,13.67
Mixed,132,171.44,161.05,Lunch,Monday,0,No,10.39
Mixed,89,194.72,182.32,Dinner,Tuesday,0,No,12.4
Non-Veg,170,171.41,168.36,Dinner,Wednesday,0,No,3.05
Mixed,175,99.44,98.22,Dinner,Thursday,0,No,1.22
Non-Veg,121,155.55,140.09,Lunch,Friday,0,No,15.46
Mixed,132,133.02,130.13,Dinner,Saturday,1,No,2.89
Veg,90,185.93,182.33,Lunch,Sunday,1,No,3.6
Non-Veg,151,116.97,115.3,Lunch,Monday,0,No,1.67
Mixed,161,95.02,75.09,Lunch,Tuesday,0,No,19.93
Non-Veg,168,188.8,179.23,Lunch,Wednesday,0,Yes,9.57
Non-Veg,121,96.01,87.3,Dinner,Thursday,0,No,8.71
Veg,120,188.22,172.08,Dinner,Friday,0,No,16.14
Non-Veg,119,80.21,69.44,Lunch,Saturday,1,Yes,10.77
Non-Veg,116,188.63,172.32,Lunch,Sunday,1,No,16.31
Mixed,176,160.92,158.44,Lunch,Monday,0,No,2.48
Veg,79,102.44,86.13,Dinner,Tuesday,0,No,16.31
Veg,133,192.82,191.86,Dinner,Wednesday,0,No,0.96
Veg,59,89.43,86.52,Lunch,Thursday,0,No,2.91
Mixed,106,169.56,164.85,Lunch,Friday,0,Yes,4.71
Non-Veg,107,123.65,113.18,Lunch,Saturday,1,No,10.47
Veg,166,169.3,153.61,Lunch,Sunday,1,No,15.69
Veg,165,173.45,166.77,Dinner,Monday,0,Yes,6.68
Veg,174,86.25,81.55,Lunch,Tuesday,0,No,4.7
Veg,84,179.97,174.73,Lunch,Wednesday,1,No,5.24
Veg,78,131.43,119.7,Lunch,Thursday,0,Yes,11.73
Veg,146,199.9,196.23,Lunch,Friday,0,Yes,3.67
Non-Veg,166,189.79,185.25,Dinner,Saturday,1,No,4.54
Mixed,127,160.93,143.46,Dinner,Sunday,1,Yes,17.47
Mixed,105,141.63,130.95,Dinner,Monday,0,No,10.68
Mixed,58,119.38,100.95,Lunch,Tuesday,0,No,18.43
Veg,175,110.77,98.88,Dinner,Wednesday,0,Yes,11.89
Veg,77,91.86,86.72,Lunch,Thursday,0,No,5.14
Veg,179,115.9,100.59,Lunch,Friday,0,No,15.31
Veg,74,131.63,119.51,Lunch,Saturday,1,Yes,12.12
Non-Veg,78,194.56,180.84,Dinner,Sunday,1,No,13.72
Non-Veg,127,132.79,130.82,Lunch,Monday,0,No,1.97
Non-Veg,137,187.15,170.33,Dinner,Tuesday,0,No,16.82
Non-Veg,83,122.54,114.42,Dinner,Wednesday,1,No,8.12
Mixed,52,101.63,99.22,Lunch,Thursday,0,No,2.41
Mixed,119,152.7,151.24,Dinner,Friday,0,No,1.46
Veg,170,143.45,127.36,Dinner,Saturday,1,No,16.09
Non-Veg,75,151.35,141.08,Dinner,Sunday,1,No,10.27
Non-Veg,155,145.95,140.06,Lunch,Monday,0,No,5.89
Mixed,132,133.95,127.1,Lunch,Tuesday,0,No,6.85
Veg,72,148.94,141.83,Dinner,Wednesday,0,No,7.11
Mixed,65,173.76,168.23,Lunch,Thursday,1,No,5.53
Veg,75,198.36,193.94,Lunch,Friday,0,No,4.42
Mixed,76,118.68,111.56,Dinner,Saturday,1,No,7.12
Veg,57,86.02,84.11,Lunch,Sunday,1,No,1.91
Non-Veg,50,152.22,135.59,Dinner,Monday,0,No,16.63
Non-Veg,130,137.55,128.62,Lunch,Tuesday,0,No,8.93
Non-Veg,57,100.44,89.47,Dinner,Wednesday,1,Yes,10.97
Veg,107,130.81,130.49,Lunch,Thursday,0,No,0.32
Non-Veg,175,166.95,165.68,Dinner,Friday,0,Yes,1.27
Veg,176,116.83,98.94,Dinner,Saturday,1,No,17.89
Mixed,56,84.94,75.83,Dinner,Sunday,1,No,9.11
Veg,64,149.25,140.71,Lunch,Monday,0,No,8.54
Mixed,87,120.6,119.95,Dinner,Tuesday,0,No,0.65
Mixed,94,184.37,176.95,Lunch,Wednesday,0,No,7.42
Mixed,141,130.17,118.25,Lunch,Thursday,1,No,11.92
Mixed,80,86.33,74.48,Dinner,Friday,0,No,11.85
Veg,97,80.42,75.58,Dinner,Saturday,1,No,4.84
Mixed,50,104.8,95.41,Lunch,Sunday,1,No,9.39
Non-Veg,130,178.92,175.51,Dinner,Monday,0,Yes,3.41
Mixed,120,143.48,137.14,Lunch,Tuesday,0,No,6.34
Non-Veg,126,182.53,180.22,Dinner,Wednesday,0,No,2.31
Veg,96,162.69,153.83,Lunch,Thursday,0,Yes,8.86
Veg,147,80.53,79.16,Lunch,Friday,0,No,1.37
Non-Veg,170,83.17,75.66,Lunch,Saturday,1,No,7.51
Veg,163,87.07,71.1,Lunch,Sunday,1,No,15.97
Mixed,107,124.47,108.65,Dinner,Monday,0,No,15.82
Mixed,66,189.75,180.24,Lunch,Tuesday,0,No,9.51
Mixed,67,130.73,111.67,Lunch,Wednesday,1,No,19.06
Mixed,67,192.78,172.83,Dinner,Thursday,0,No,19.95
Non-Veg,144,101.69,86.49,Dinner,Friday,0,Yes,15.2
Mixed,154,182.24,168.22,Lunch,Saturday,1,No,14.02
Non-Veg,141,157.05,155.57,Lunch,Sunday,1,Yes,1.48
Non-Veg,56,119.76,114.94,Dinner,Monday,0,No,4.82
Veg,53,184.44,183.4,Dinner,Tuesday,0,No,1.04
Veg,84,117.94,111.62,Lunch,Wednesday,0,Yes,6.32
Mixed,163,165.92,158.27,Dinner,Thursday,0,No,7.65
Non-Veg,175,180.09,167.52,Lunch,Friday,0,No,12.57
Non-Veg,69,182.76,182.24,Lunch,Saturday,1,No,0.52
Mixed,69,122.0,121.0,Lunch,Sunday,1,No,1.0
Mixed,93,80.54,80.47,Dinner,Monday,0,Yes,0.07
Non-Veg,99,198.53,186.58,Dinner,Tuesday,0,No,11.95
Veg,76,188.86,173.61,Dinner,Wednesday,0,Yes,15.25
Mixed,70,174.19,162.68,Lunch,Thursday,0,No,11.51
Mixed,136,168.09,153.23,Dinner,Friday,0,No,14.86
Mixed,100,170.1,153.65,Dinner,Saturday,1,No,16.45
Mixed,69,109.48,90.15,Lunch,Sunday,1,No,19.33
Non-Veg,79,151.38,144.9,Dinner,Monday,1,No,6.48
Non-Veg,127,98.1,94.06,Dinner,Tuesday,0,Yes,4.04
Mixed,126,178.4,168.66,Dinner,Wednesday,0,No,9.74
Veg,123,90.35,70.37,Lunch,Thursday,0,No,19.98
Veg,163,192.29,187.89,Lunch,Friday,0,No,4.4
Veg,116,153.14,136.54,Lunch,Saturday,1,Yes,16.6
Non-Veg,152,126.93,123.27,Lunch,Sunday,1,Yes,3.66
Veg,123,150.9,146.52,Dinner,Monday,0,No,4.38
Non-Veg,165,85.57,85.3,Lunch,Tuesday,0,No,0.27
Non-Veg,77,136.92,124.7,Lunch,Wednesday,0,No,12.22
Mixed,78,160.06,159.8,Dinner,Thursday,0,No,0.26
Veg,78,178.64,160.23,Dinner,Friday,0,Yes,18.41
Non-Veg,63,161.79,148.19,Lunch,Saturday,1,Yes,13.6
Mixed,54,108.92,99.85,Lunch,Sunday,1,No,9.07
Non-Veg,136,121.57,120.96,Lunch,Monday,0,Yes,0.61
Veg,168,171.75,155.65,Lunch,Tuesday,0,No,16.1
Veg,121,179.86,165.3,Dinner,Wednesday,0,No,14.56
Veg,65,82.16,64.84,Lunch,Thursday,0,No,17.32
Non-Veg,104,167.93,152.43,Dinner,Friday,1,No,15.5
Mixed,176,173.78,154.87,Lunch,Saturday,1,No,18.91
Mixed,92,164.21,152.79,Dinner,Sunday,1,Yes,11.42
Veg,143,149.94,132.12,Lunch,Monday,0,No,17.82
Non-Veg,132,86.07,74.01,Lunch,Tuesday,0,No,12.06
Veg,97,117.22,110.55,Dinner,Wednesday,0,No,6.67
Non-Veg,51,148.64,130.52,Lunch,Thursday,0,No,18.12
Mixed,61,83.13,75.76,Dinner,Friday,0,Yes,7.37
Non-Veg,160,196.17,189.77,Lunch,Saturday,1,No,6.4
Non-Veg,75,190.35,176.69,Dinner,Sunday,1,No,13.66
Mixed,99,80.65,66.01,Lunch,Monday,0,No,14.64
Mixed,136,151.45,148.39,Dinner,Tuesday,0,No,3.06
Veg,108,99.53,91.84,Lunch,Wednesday,0,No,7.69
Mixed,148,134.49,120.21,Lunch,Thursday,0,No,14.28
Veg,93,181.4,174.98,Lunch,Friday,0,No,6.42
Mixed,107,196.67,188.12,Dinner,Saturday,1,No,8.55
Non-Veg,139,152.33,147.79,Dinner,Sunday,1,No,4.54
Veg,61,123.5,111.18,Lunch,Monday,0,No,12.32
Mixed,72,196.44,177.54,Lunch,Tuesday,0,No,18.9
Mixed,129,166.58,148.26,Dinner,Wednesday,0,Yes,18.32
Mixed,130,118.17,98.34,Lunch,Thursday,0,No,19.83
Non-Veg,109,115.4,108.96,Dinner,Friday,0,No,6.44
Non-Veg,58,188.17,173.36,Lunch,Saturday,1,No,14.81
Mixed,125,185.23,184.85,Lunch,Sunday,1,No,0.38
Non-Veg,144,131.19,113.48,Lunch,Monday,0,No,17.71
Mixed,106,189.08,184.62,Lunch,Tuesday,0,No,4.46
Non-Veg,61,114.59,104.37,Lunch,Wednesday,1,No,10.22
Non-Veg,50,172.39,162.17,Dinner,Thursday,0,No,10.22
Mixed,160,144.1,140.6,Dinner,Friday,0,Yes,3.5
Non-Veg,69,84.56,76.79,Dinner,Saturday,1,No,7.77
Veg,117,142.31,138.57,Lunch,Sunday,1,No,3.74
Veg,165,148.21,147.37,Lunch,Monday,0,No,0.84
Non-Veg,173,93.39,92.65,Dinner,Tuesday,0,No,0.74
Mixed,141,193.64,190.67,Dinner,Wednesday,0,No,2.97
Mixed,114,113.67,99.07,Lunch,Thursday,0,No,14.6
Non-Veg,107,116.42,116.05,Lunch,Friday,0,Yes,0.37
Mixed,110,150.06,136.41,Lunch,Saturday,1,No,13.65
Mixed,59,129.87,113.24,Dinner,Sunday,1,No,16.63
Veg,68,108.85,106.76,Dinner,Monday,0,Yes,2.09
Non-Veg,51,190.65,171.13,Dinner,Tuesday,0,No,19.52
Non-Veg,160,166.12,154.38,Dinner,Wednesday,0,No,11.74
Mixed,63,198.55,183.34,Dinner,Thursday,0,No,15.21
Veg,170,186.06,173.0,Dinner,Friday,0,No,13.06
Veg,58,83.22,70.57,Lunch,Saturday,1,No,12.65
Veg,156,83.68,70.47,Dinner,Sunday,1,No,13.21
Mixed,126,123.84,122.9,Dinner,Monday,0,No,0.94
Mixed,160,192.73,190.98,Lunch,Tuesday,0,No,1.75
Non-Veg,63,124.62,121.87,Dinner,Wednesday,0,No,2.75
Non-Veg,53,173.0,159.46,Dinner,Thursday,0,No,13.54
Non-Veg,70,102.66,83.77,Lunch,Friday,0,Yes,18.89
Veg,151,186.68,186.0,Lunch,Saturday,1,No,0.68
Mixed,142,184.75,175.65,Lunch,Sunday,1,No,9.1
Veg,74,104.5,102.62,Lunch,Monday,0,Yes,1.88
Veg,112,190.03,172.6,Lunch,Tuesday,0,No,17.43
Non-Veg,89,186.7,184.27,Lunch,Wednesday,0,No,2.43
Veg,99,176.07,169.59,Dinner,Thursday,0,No,6.48
Mixed,134,130.44,120.51,Lunch,Friday,0,No,9.93
Veg,57,113.65,96.39,Dinner,Saturday,1,No,17.26
Mixed,57,138.58,119.9,Dinner,Sunday,1,No,18.68
Mixed,138,105.01,91.34,Dinner,Monday,0,Yes,13.67
Non-Veg,112,153.69,151.65,Lunch,Tuesday,0,No,2.04
Non-Veg,103,166.35,149.13,Dinner,Wednesday,0,No,17.22
Veg,68,167.46,165.45,Dinner,Thursday,0,No,2.01
Non-Veg,130,183.36,183.04,Lunch,Friday,0,Yes,0.32
Mixed,164,89.78,85.29,Lunch,Saturday,1,Yes,4.49
Non-Veg,107,129.76,123.27,Dinner,Sunday,1,No,6.49
Mixed,80,94.31,76.22,Dinner,Monday,1,No,18.09
Mixed,138,89.7,83.59,Lunch,Tuesday,0,No,6.11
Mixed,65,82.85,79.75,Dinner,Wednesday,0,No,3.1
Veg,145,164.19,161.05,Dinner,Thursday,0,Yes,3.14
Veg,97,163.85,153.36,Dinner,Friday,0,Yes,10.49
Veg,175,114.86,100.79,Dinner,Saturday,1,No,14.07
Veg,168,137.27,133.37,Lunch,Sunday,1,No,3.9
Mixed,149,88.54,83.78,Lunch,Monday,0,No,4.76
Veg,134,181.69,180.8,Dinner,Tuesday,0,Yes,0.89
Mixed,95,178.5,172.43,Lunch,Wednesday,0,No,6.07
Non-Veg,100,123.5,118.42,Lunch,Thursday,0,No,5.08
Mixed,93,90.11,88.78,Lunch,Friday,1,Yes,1.33
Mixed,100,136.55,133.25,Dinner,Saturday,1,No,3.3
Non-Veg,57,160.34,143.81,Lunch,Sunday,1,No,16.53
Non-Veg,97,140.26,133.66,Dinner,Monday,0,Yes,6.6
Non-Veg,126,112.51,105.9,Lunch,Tuesday,0,No,6.61
Non-Veg,176,157.17,143.59,Lunch,Wednesday,0,Yes,13.58
Mixed,107,199.97,182.97,Lunch,Thursday,0,No,17.0
Mixed,153,191.88,180.49,Lunch,Friday,0,No,11.39
Mixed,85,121.15,109.62,Dinner,Saturday,1,No,11.53
Non-Veg,52,163.77,151.35,Lunch,Sunday,1,Yes,12.42
Veg,94,112.03,107.22,Dinner,Monday,0,No,4.81
Mixed,79,153.73,148.27,Lunch,Tuesday,0,Yes,5.46
Non-Veg,94,195.69,182.67,Dinner,Wednesday,1,No,13.02
Veg,120,139.97,133.01,Dinner,Thursday,0,No,6.96
Mixed,65,83.46,67.27,Lunch,Friday,0,No,16.19
Veg,173,123.93,116.3,Lunch,Saturday,1,No,7.63
Mixed,132,163.6,157.11,Dinner,Sunday,1,Yes,6.49
Non-Veg,162,131.33,126.18,Lunch,Monday,0,No,5.15
Mixed,109,150.47,142.48,Dinner,Tuesday,0,No,7.99
Mixed,154,84.89,77.08,Lunch,Wednesday,0,No,7.81
Non-Veg,78,127.58,117.99,Dinner,Thursday,1,Yes,9.59
Mixed,124,178.76,170.43,Lunch,Friday,0,No,8.33
Mixed,68,168.03,165.62,Dinner,Saturday,1,No,2.41
Non-Veg,123,127.8,115.93,Dinner,Sunday,1,Yes,11.87
Veg,76,180.96,171.91,Lunch,Monday,0,Yes,9.05
Veg,52,180.29,163.8,Dinner,Tuesday,0,Yes,16.49
Veg,84,100.56,100.38,Dinner,Wednesday,1,Yes,0.18
Veg,70,93.45,78.57,Dinner,Thursday,0,No,14.88
Non-Veg,66,152.52,143.03,Dinner,Friday,0,Yes,9.49
Veg,128,147.57,139.51,Lunch,Saturday,1,No,8.06
Non-Veg,174,193.74,180.58,Lunch,Sunday,1,No,13.16
Veg,85,194.87,189.54,Dinner,Monday,0,Yes,5.33
Mixed,139,108.46,107.85,Lunch,Tuesday,0,No,0.61
Mixed,79,151.19,143.92,Dinner,Wednesday,1,No,7.27
Non-Veg,116,94.78,75.39,Dinner,Thursday,0,No,19.39
Veg,164,115.87,106.5,Dinner,Friday,0,Yes,9.37
Veg,119,108.35,98.59,Dinner,Saturday,1,No,9.76
Mixed,158,187.37,181.54,Dinner,Sunday,1,No,5.83
Mixed,131,121.84,106.54,Dinner,Monday,0,Yes,15.3
Mixed,108,98.59,82.96,Lunch,Tuesday,0,No,15.63
Veg,131,122.16,117.8,Lunch,Wednesday,0,No,4.36
Veg,178,179.6,174.73,Lunch,Thursday,0,No,4.87
Mixed,151,117.4,116.94,Lunch,Friday,0,No,0.46
Veg,114,198.47,181.36,Dinner,Saturday,1,No,17.11
Veg,156,169.77,161.8,Dinner,Sunday,1,No,7.97
Veg,107,120.75,108.71,Lunch,Monday,0,No,12.04
Veg,50,172.91,163.89,Lunch,Tuesday,0,No,9.02
Veg,91,84.18,81.01,Dinner,Wednesday,0,No,3.17
Mixed,68,140.28,136.96,Lunch,Thursday,0,Yes,3.32
Mixed,173,98.84,91.6,Lunch,Friday,0,Yes,7.24
Mixed,168,179.62,165.99,Lunch,Saturday,1,No,13.63
Mixed,58,110.66,102.44,Dinner,Sunday,1,No,8.22
Veg,112,113.13,94.41,Lunch,Monday,0,No,18.72
Non-Veg,135,167.82,152.98,Lunch,Tuesday,0,Yes,14.84
Mixed,100,109.12,108.86,Dinner,Wednesday,0,No,0.26
Mixed,110,192.89,180.69,Lunch,Thursday,0,No,12.2
Non-Veg,51,189.36,184.97,Lunch,Friday,0,No,4.39
Mixed,164,109.6,104.46,Lunch,Saturday,1,No,5.14
Non-Veg,112,165.39,162.06,Lunch,Sunday,1,No,3.33
Veg,53,158.13,142.9,Dinner,Monday,0,No,15.23
Veg,149,111.85,93.41,Dinner,Tuesday,0,No,18.44
Non-Veg,96,106.44,105.28,Dinner,Wednesday,0,No,1.16
Non-Veg,139,129.62,113.93,Dinner,Thursday,0,No,15.69
Veg,120,131.51,129.48,Lunch,Friday,0,No,2.03
Mixed,53,155.15,147.81,Dinner,Saturday,1,No,7.34
Veg,75,104.42,87.01,Lunch,Sunday,1,Yes,17.41
Veg,55,93.34,80.32,Dinner,Monday,0,No,13.02
Non-Veg,97,107.49,94.41,Lunch,Tuesday,0,No,13.08
Veg,135,97.41,92.89,Dinner,Wednesday,0,No,4.52
Mixed,159,133.22,122.84,Dinner,Thursday,0,No,10.38
Non-Veg,136,120.74,114.26,Lunch,Friday,0,No,6.48
Veg,137,83.32,76.83,Dinner,Saturday,1,No,6.49
Non-Veg,50,134.31,133.7,Lunch,Sunday,1,Yes,0.61
Mixed,125,94.68,88.32,Lunch,Monday,0,No,6.36
Non-Veg,68,97.8,92.35,Dinner,Tuesday,1,No,5.45
Mixed,59,99.09,95.03,Lunch,Wednesday,0,No,4.06
Veg,161,149.11,139.88,Lunch,Thursday,0,No,9.23
Non-Veg,86,90.4,82.16,Lunch,Friday,0,No,8.24
Non-Veg,150,152.45,135.42,Lunch,Saturday,1,No,17.03
Mixed,141,96.15,93.32,Lunch,Sunday,1,No,2.83
Non-Veg,144,131.43,126.86,Dinner,Monday,0,No,4.57
Mixed,72,192.69,179.71,Dinner,Monday,0,No,12.98
Non-Veg,103,81.64,68.95,Lunch,Tuesday,0,No,12.69
Mixed,84,96.36,94.9,Lunch,Wednesday,1,Yes,1.46
Mixed,160,125.2,113.05,Lunch,Thursday,0,Yes,12.15
Veg,141,190.04,184.15,Dinner,Friday,0,No,5.89
Veg,72,98.99,87.07,Lunch,Saturday,1,No,11.92
Mixed,50,163.03,159.43,Dinner,Sunday,1,No,3.6
Non-Veg,128,139.0,134.64,Dinner,Monday,0,Yes,4.36
Veg,166,99.34,95.53,Dinner,Tuesday,0,Yes,3.81
Non-Veg,57,157.24,139.09,Lunch,Wednesday,0,No,18.15
Mixed,50,125.51,119.72,Lunch,Thursday,0,Yes,5.79
Non-Veg,179,125.24,115.66,Dinner,Friday,0,No,9.58
Non-Veg,179,108.97,107.11,Dinner,Saturday,1,No,1.86
Veg,63,83.71,72.65,Lunch,Sunday,1,No,11.06
Non-Veg,56,129.52,115.39,Lunch,Monday,0,No,14.13
Non-Veg,122,144.71,144.21,Lunch,Tuesday,0,No,0.5
Veg,96,130.6,121.72,Dinner,Wednesday,0,No,8.88
Mixed,106,192.11,178.99,Dinner,Thursday,1,No,13.12
Mixed,136,129.87,114.14,Lunch,Friday,0,No,15.73
Non-Veg,124,140.63,127.52,Lunch,Saturday,1,Yes,13.11
Veg,129,109.81,98.5,Dinner,Sunday,1,No,11.31
Mixed,152,106.01,96.2,Dinner,Monday,0,Yes,9.81
Mixed,123,107.07,88.84,Lunch,Tuesday,0,No,18.23
Veg,80,196.64,187.24,Dinner,Wednesday,0,No,9.4
Veg,115,196.71,191.29,Lunch,Thursday,0,Yes,5.42
Non-Veg,59,172.41,168.33,Dinner,Friday,0,No,4.08
Non-Veg,133,169.51,151.5,Lunch,Saturday,1,Yes,18.01
Veg,71,101.95,94.66,Lunch,Sunday,1,No,7.29
Mixed,115,123.12,118.92,Lunch,Monday,0,No,4.2
Non-Veg,130,178.31,166.84,Lunch,Tuesday,0,No,11.47
Mixed,126,185.51,174.64,Dinner,Wednesday,0,Yes,10.87
Veg,85,197.38,187.76,Dinner,Thursday,0,No,9.62
Non-Veg,108,90.63,83.21,Lunch,Friday,0,No,7.42
Non-Veg,138,141.58,122.22,Lunch,Saturday,1,No,19.36
Mixed,63,118.68,115.98,Lunch,Sunday,1,Yes,2.7
Mixed,87,126.64,125.0,Lunch,Monday,0,No,1.64
Mixed,71,111.23,91.68,Dinner,Tuesday,0,No,19.55
Veg,92,157.89,145.13,Dinner,Wednesday,0,Yes,12.76
Mixed,163,168.03,159.07,Lunch,Thursday,0,No,8.96
Non-Veg,52,183.04,178.62,Lunch,Friday,0,No,4.42
Non-Veg,76,119.34,114.28,Lunch,Saturday,1,No,5.06
Mixed,160,193.33,174.86,Dinner,Sunday,1,No,18.47
Veg,144,113.36,97.26,Lunch,Monday,1,No,16.1
Mixed,121,183.87,165.91,Dinner,Tuesday,0,No,17.96
Mixed,111,191.93,187.29,Dinner,Wednesday,0,No,4.64
Mixed,129,177.93,170.93,Dinner,Thursday,0,No,7.0
Mixed,81,81.35,69.28,Lunch,Friday,0,No,12.07
Non-Veg,54,124.62,112.86,Dinner,Saturday,1,Yes,11.76
Non-Veg,71,163.73,153.84,Lunch,Sunday,1,No,9.89
Mixed,115,134.31,128.96,Lunch,Monday,0,No,5.35
Veg,84,136.9,122.97,Dinner,Tuesday,0,No,13.93
Veg,129,166.69,161.65,Lunch,Wednesday,0,No,5.04
Mixed,59,175.22,171.34,Lunch,Thursday,0,No,3.88
Non-Veg,90,141.88,134.6,Dinner,Friday,0,Yes,7.28
Non-Veg,97,161.47,155.05,Dinner,Saturday,1,No,6.42
Mixed,128,188.75,171.78,Lunch,Sunday,1,Yes,16.97
Non-Veg,155,174.23,167.48,Dinner,Monday,0,No,6.75
Non-Veg,166,136.27,127.93,Lunch,Tuesday,0,Yes,8.34
Mixed,50,196.0,185.34,Lunch,Wednesday,0,Yes,10.66
Mixed,152,134.72,120.01,Lunch,Thursday,0,No,14.71
Mixed,67,95.72,80.5,Dinner,Friday,0,No,15.22
Veg,95,114.2,104.35,Lunch,Saturday,1,No,9.85
Mixed,90,163.16,159.48,Dinner,Sunday,1,No,3.68
Veg,123,110.05,101.45,Dinner,Monday,0,No,8.6
Mixed,114,197.71,189.7,Dinner,Tuesday,0,No,8.01
Veg,91,103.43,96.09,Dinner,Wednesday,0,No,7.34
Non-Veg,108,86.75,70.48,Lunch,Thursday,0,No,16.27
Mixed,172,172.68,152.86,Lunch,Friday,0,No,19.82
Veg,78,103.03,95.79,Lunch,Saturday,1,No,7.24
Mixed,50,184.81,171.11,Dinner,Sunday,1,Yes,13.7
Veg,99,120.98,101.69,Dinner,Monday,0,No,19.29
Non-Veg,126,113.44,113.39,Dinner,Tuesday,0,No,0.05
Veg,85,182.57,162.83,Lunch,Wednesday,0,No,19.74
Non-Veg,55,122.06,103.85,Dinner,Thursday,0,No,18.21
Mixed,148,163.56,145.2,Dinner,Friday,0,No,18.36
Veg,172,171.62,168.96,Dinner,Saturday,1,No,2.66
Non-Veg,65,114.04,105.03,Dinner,Sunday,1,No,9.01
Mixed,75,97.2,82.72,Lunch,Monday,0,No,14.48
Veg,177,156.02,143.6,Lunch,Tuesday,0,No,12.42
Non-Veg,82,122.58,122.47,Lunch,Wednesday,0,No,0.11
Non-Veg,102,190.25,182.57,Lunch,Thursday,0,No,7.68
Veg,148,153.88,152.9,Lunch,Friday,0,No,0.98
Veg,109,106.84,90.45,Lunch,Saturday,1,No,16.39
Non-Veg,164,116.36,98.52,Dinner,Sunday,1,No,17.84
Veg,92,117.09,115.79,Dinner,Monday,1,Yes,1.3
Veg,107,127.66,126.2,Dinner,Tuesday,0,No,1.46
Mixed,126,160.58,155.48,Lunch,Wednesday,0,No,5.1
Mixed,90,123.58,117.77,Dinner,Thursday,0,No,5.81
Veg,121,184.05,171.41,Lunch,Friday,0,No,12.64
Non-Veg,73,98.31,84.48,Dinner,Saturday,1,No,13.83
Veg,137,106.8,88.46,Lunch,Sunday,1,No,18.34
Non-Veg,158,176.33,172.56,Dinner,Monday,0,No,3.77
Mixed,112,111.22,106.25,Lunch,Tuesday,1,No,4.97
Mixed,57,176.71,160.68,Dinner,Wednesday,0,No,16.03
Non-Veg,135,96.05,80.99,Dinner,Thursday,0,No,15.06
Veg,51,197.29,191.96,Dinner,Friday,0,No,5.33
Mixed,99,94.55,88.54,Dinner,Saturday,1,No,6.01
Mixed,171,172.15,155.32,Lunch,Sunday,1,Yes,16.83
Non-Veg,99,157.78,145.24,Dinner,Monday,0,No,12.54
Non-Veg,53,150.77,132.55,Dinner,Tuesday,0,No,18.22
Veg,101,197.07,178.75,Dinner,Wednesday,1,No,18.32
Veg,110,84.9,70.64,Lunch,Thursday,0,No,14.26
Non-Veg,139,130.1,114.17,Lunch,Friday,0,No,15.93
Non-Veg,110,121.83,118.06,Dinner,Saturday,1,No,3.77
Veg,60,112.89,102.15,Lunch,Sunday,1,No,10.74
Mixed,138,105.72,105.07,Lunch,Monday,0,No,0.65
Non-Veg,119,134.74,134.72,Dinner,Tuesday,0,No,0.02
Veg,92,85.85,81.32,Dinner,Wednesday,0,Yes,4.53
Veg,91,120.47,102.64,Lunch,Thursday,0,Yes,17.83
Non-Veg,64,123.05,105.23,Dinner,Friday,0,Yes,17.82
Veg,86,178.04,162.11,Lunch,Saturday,1,No,15.93
Mixed,129,152.69,142.88,Lunch,Sunday,1,Yes,9.81
Veg,67,84.45,78.91,Lunch,Monday,0,No,5.54
Non-Veg,110,114.08,109.37,Lunch,Tuesday,0,No,4.71
Non-Veg,142,110.03,96.28,Dinner,Wednesday,0,No,13.75
Non-Veg,68,173.25,158.3,Lunch,Thursday,0,No,14.95
Veg,155,163.45,154.69,Lunch,Friday,0,No,8.76
Veg,68,90.88,79.85,Dinner,Saturday,1,Yes,11.03
Veg,62,82.79,74.69,Lunch,Sunday,1,No,8.1
Mixed,68,127.08,108.35,Lunch,Monday,0,No,18.73
Non-Veg,114,125.64,110.05,Dinner,Tuesday,0,No,15.59
Veg,58,196.58,191.58,Lunch,Wednesday,0,No,5.0
Veg,167,109.81,98.9,Lunch,Thursday,0,Yes,10.91
Veg,76,181.97,177.83,Lunch,Friday,0,Yes,4.14
Mixed,109,171.44,170.75,Lunch,Saturday,1,No,0.69
Mixed,145,178.24,170.75,Dinner,Sunday,1,No,7.49
Veg,53,182.73,178.25,Lunch,Monday,0,Yes,4.48
Mixed,71,85.2,71.61,Lunch,Tuesday,1,Yes,13.59
Veg,89,143.87,141.55,Lunch,Wednesday,0,No,2.32
Mixed,59,190.77,182.63,Dinner,Thursday,0,No,8.14
Mixed,152,197.13,196.22,Lunch,Friday,1,Yes,0.91
Veg,96,88.5,74.1,Dinner,Saturday,1,No,14.4
Mixed,50,88.42,81.51,Lunch,Sunday,1,No,6.91
Veg,130,116.23,97.66,Dinner,Monday,0,No,18.57
Mixed,122,155.56,146.91,Lunch,Tuesday,0,No,8.65
Mixed,157,151.0,148.63,Lunch,Wednesday,0,Yes,2.37
Veg,125,119.13,103.76,Dinner,Thursday,0,No,15.37
Mixed,99,114.94,97.59,Dinner,Friday,0,Yes,17.35
Non-Veg,89,188.18,183.97,Lunch,Saturday,1,No,4.21
Veg,93,133.19,123.81,Dinner,Sunday,1,Yes,9.38
Mixed,147,119.75,119.22,Dinner,Monday,0,Yes,0.53
Mixed,98,154.81,136.29,Lunch,Tuesday,0,No,18.52
Veg,105,95.99,76.74,Lunch,Wednesday,0,No,19.25
Veg,178,176.22,171.21,Lunch,Thursday,0,No,5.01
Mixed,129,135.38,127.7,Lunch,Friday,0,No,7.68
Veg,178,184.97,169.06,Dinner,Saturday,1,No,15.91
Mixed,74,137.35,122.69,Lunch,Sunday,1,No,14.66
Veg,139,171.17,166.45,Lunch,Monday,0,No,4.72
Veg,173,191.24,189.51,Dinner,Tuesday,0,No,1.73
Veg,147,92.27,79.99,Lunch,Wednesday,0,No,12.28
Non-Veg,163,168.33,155.91,Lunch,Thursday,1,No,12.42
Veg,57,136.12,135.49,Dinner,Friday,0,Yes,0.63
Non-Veg,95,193.8,191.39,Lunch,Saturday,1,No,2.41
Non-Veg,162,188.37,187.7,Lunch,Sunday,1,No,0.67
Non-Veg,99,124.62,117.18,Dinner,Monday,0,No,7.44
Mixed,127,164.89,163.41,Lunch,Tuesday,0,No,1.48
Non-Veg,175,190.58,179.17,Lunch,Wednesday,0,No,11.41
Mixed,112,171.68,152.93,Lunch,Thursday,0,No,18.75
Non-Veg,102,106.46,97.07,Lunch,Friday,0,Yes,9.39
Veg,141,140.98,124.16,Dinner,Saturday,1,No,16.82
Veg,100,170.08,169.72,Lunch,Sunday,1,No,0.36
Veg,124,196.13,190.41,Lunch,Monday,0,No,5.72
Non-Veg,121,88.52,78.09,Dinner,Tuesday,0,No,10.43
Non-Veg,144,135.68,122.32,Dinner,Wednesday,0,No,13.36
Veg,100,160.93,150.89,Dinner,Thursday,0,No,10.04
Non-Veg,53,189.69,179.18,Lunch,Friday,0,No,10.51
Mixed,131,168.71,165.1,Lunch,Saturday,1,No,3.61
Non-Veg,63,100.76,96.6,Lunch,Sunday,1,No,4.16
Mixed,81,198.72,194.15,Lunch,Monday,0,No,4.57
Veg,145,151.02,150.85,Dinner,Tuesday,0,Yes,0.17
Mixed,153,144.7,143.32,Lunch,Wednesday,0,No,1.38
Mixed,69,164.47,145.54,Lunch,Thursday,0,No,18.93
Non-Veg,95,158.09,148.7,Lunch,Friday,0,No,9.39
Mixed,74,143.55,138.43,Lunch,Saturday,1,Yes,5.12
Non-Veg,137,132.14,112.39,Lunch,Sunday,1,No,19.75
Veg,64,81.43,64.03,Dinner,Monday,0,No,17.4
Mixed,74,183.44,170.65,Dinner,Tuesday,0,No,12.79
Mixed,115,169.6,167.51,Dinner,Wednesday,0,No,2.09
Non-Veg,132,120.24,107.59,Dinner,Thursday,0,No,12.65
Non-Veg,63,183.52,177.7,Dinner,Friday,0,No,5.82
Non-Veg,152,165.87,146.58,Dinner,Saturday,1,No,19.29
Mixed,137,157.18,140.16,Dinner,Sunday,1,No,17.02
Non-Veg,159,130.13,118.5,Lunch,Monday,0,No,11.63
Mixed,143,186.95,176.85,Lunch,Tuesday,1,No,10.1
Non-Veg,131,192.73,182.99,Dinner,Wednesday,0,Yes,9.74
Veg,134,186.86,168.72,Lunch,Thursday,0,No,18.14
Non-Veg,179,120.9,101.19,Lunch,Friday,0,No,19.71
Non-Veg,146,189.7,179.08,Lunch,Saturday,1,No,10.62
Non-Veg,64,134.26,116.04,Dinner,Sunday,1,No,18.22
Mixed,166,116.2,114.43,Dinner,Monday,0,No,1.77
Non-Veg,78,110.29,93.16,Lunch,Tuesday,0,No,17.13
Veg,64,164.1,154.0,Lunch,Wednesday,0,Yes,10.1
Mixed,82,145.48,126.01,Lunch,Thursday,0,No,19.47
Veg,63,87.33,68.5,Lunch,Friday,0,No,18.83
Veg,113,99.41,83.11,Dinner,Saturday,1,No,16.3
Non-Veg,153,167.92,165.0,Lunch,Sunday,1,No,2.92
Non-Veg,166,107.14,100.26,Dinner,Monday,0,Yes,6.88
Mixed,55,100.96,86.55,Lunch,Tuesday,1,No,14.41
Non-Veg,55,118.6,108.02,Lunch,Wednesday,0,No,10.58
Veg,175,126.52,118.72,Lunch,Thursday,0,No,7.8
Mixed,106,192.61,188.71,Lunch,Friday,0,Yes,3.9
Non-Veg,160,89.31,82.95,Lunch,Saturday,1,Yes,6.36
Veg,89,90.55,81.94,Lunch,Sunday,1,No,8.61
Veg,135,198.96,187.23,Dinner,Monday,0,No,11.73
Veg,143,177.62,175.76,Lunch,Tuesday,0,No,1.86
Veg,158,187.22,169.74,Lunch,Wednesday,0,No,17.48
Veg,174,146.86,140.63,Lunch,Thursday,0,No,6.23
Non-Veg,53,183.11,173.5,Lunch,Friday,0,No,9.61
Mixed,64,101.13,94.63,Lunch,Saturday,1,No,6.5
Non-Veg,144,190.75,175.31,Lunch,Sunday,1,Yes,15.44
Veg,113,159.01,144.52,Lunch,Monday,0,Yes,14.49
Veg,177,184.4,174.91,Dinner,Tuesday,0,No,9.49
Non-Veg,169,135.15,119.7,Lunch,Wednesday,0,Yes,15.45
Mixed,70,136.06,121.85,Dinner,Thursday,0,No,14.21
Veg,171,194.98,178.11,Dinner,Friday,0,No,16.87
Veg,75,119.17,106.88,Dinner,Saturday,1,No,12.29
Mixed,146,100.72,89.57,Lunch,Sunday,1,Yes,11.15
Mixed,91,180.36,174.26,Dinner,Monday,0,No,6.1
Mixed,80,110.95,91.87,Dinner,Tuesday,0,No,19.08
Veg,109,105.3,102.88,Dinner,Wednesday,0,No,2.42
Non-Veg,160,106.35,94.15,Dinner,Thursday,0,No,12.2
Non-Veg,124,87.21,81.27,Lunch,Friday,0,Yes,5.94
Non-Veg,95,120.16,101.72,Lunch,Saturday,1,No,18.44
Mixed,168,199.84,196.67,Dinner,Sunday,1,No,3.17
Veg,148,108.87,100.52,Lunch,Monday,0,No,8.35
Mixed,137,186.22,179.81,Dinner,Tuesday,0,No,6.41
Non-Veg,162,106.8,88.18,Lunch,Wednesday,1,No,18.62
Non-Veg,95,124.16,112.46,Dinner,Thursday,0,No,11.7
Veg,84,99.51,85.12,Lunch,Friday,0,No,14.39
Non-Veg,79,151.15,151.01,Dinner,Saturday,1,No,0.14
Veg,143,84.28,66.42,Dinner,Sunday,1,No,17.86
Non-Veg,120,148.68,147.27,Lunch,Monday,0,No,1.41
Veg,117,160.21,149.78,Lunch,Tuesday,1,No,10.43
Mixed,124,134.14,129.37,Dinner,Wednesday,0,Yes,4.77
Mixed,105,131.22,125.06,Dinner,Thursday,0,No,6.16
Mixed,90,180.21,160.91,Dinner,Friday,1,No,19.3
Mixed,108,198.51,197.82,Lunch,Saturday,1,No,0.69
Veg,100,94.42,92.25,Lunch,Sunday,1,No,2.17
Non-Veg,51,117.68,101.51,Dinner,Monday,0,No,16.17
Mixed,60,112.75,93.95,Lunch,Tuesday,1,Yes,18.8
Mixed,163,190.78,190.52,Dinner,Wednesday,0,No,0.26
Non-Veg,128,183.53,173.44,Dinner,Thursday,0,No,10.09
Non-Veg,104,82.65,65.14,Lunch,Friday,0,No,17.51
Non-Veg,103,122.07,103.97,Lunch,Saturday,1,No,18.1
Veg,88,184.13,166.18,Lunch,Sunday,1,Yes,17.95
Non-Veg,116,170.2,158.47,Lunch,Monday,0,Yes,11.73
Mixed,174,133.84,128.22,Lunch,Tuesday,0,No,5.62
Mixed,80,180.71,169.12,Lunch,Wednesday,0,No,11.59
Veg,135,143.81,135.01,Dinner,Thursday,0,No,8.8
Veg,95,133.35,125.06,Dinner,Friday,0,No,8.29
Mixed,77,190.19,182.19,Lunch,Saturday,1,No,8.0
Mixed,172,183.9,180.51,Dinner,Sunday,1,No,3.39
Mixed,158,166.05,149.65,Lunch,Monday,0,No,16.4
Veg,106,198.37,196.58,Lunch,Tuesday,0,No,1.79
Mixed,69,134.12,120.45,Dinner,Wednesday,0,No,13.67
Non-Veg,152,145.9,134.33,Dinner,Thursday,0,No,11.57
Veg,52,127.92,109.1,Dinner,Friday,0,Yes,18.82
Mixed,175,197.85,190.13,Lunch,Saturday,1,No,7.72
Veg,79,82.63,68.43,Lunch,Sunday,1,Yes,14.2
Non-Veg,138,124.86,119.11,Dinner,Monday,0,No,5.75
Veg,111,145.53,143.81,Dinner,Tuesday,0,Yes,1.72
Veg,97,114.53,102.7,Dinner,Wednesday,0,No,11.83
Veg,70,100.44,96.0,Dinner,Thursday,0,No,4.44
Veg,119,81.19,61.65,Dinner,Friday,0,No,19.54
Mixed,172,188.29,173.54,Lunch,Saturday,1,No,14.75
Veg,63,104.9,96.63,Lunch,Sunday,1,No,8.27
Non-Veg,89,167.86,149.23,Lunch,Monday,0,Yes,18.63
Mixed,168,132.36,117.09,Lunch,Tuesday,0,No,15.27
Veg,74,85.77,72.8,Lunch,Wednesday,0,No,12.97
Non-Veg,88,138.43,128.85,Dinner,Thursday,0,No,9.58
Veg,108,130.63,117.49,Lunch,Friday,0,Yes,13.14
Veg,74,152.99,142.5,Lunch,Saturday,1,No,10.49
Mixed,61,91.64,83.44,Lunch,Sunday,1,No,8.2
Non-Veg,104,134.56,129.75,Dinner,Monday,0,No,4.81
Veg,99,197.32,196.94,Lunch,Tuesday,0,No,0.38
Veg,63,118.83,100.69,Lunch,Wednesday,0,No,18.14
Mixed,143,119.04,115.45,Lunch,Thursday,0,No,3.59
Non-Veg,72,95.64,87.99,Lunch,Friday,0,No,7.65
Veg,121,142.41,127.21,Dinner,Saturday,1,No,15.2
Veg,144,124.79,122.08,Lunch,Sunday,1,No,2.71
Non-Veg,155,178.3,159.71,Lunch,Monday,0,Yes,18.59
Mixed,57,151.68,147.91,Dinner,Tuesday,0,No,3.77
Veg,97,84.35,76.85,Lunch,Wednesday,0,No,7.5
Mixed,177,170.9,152.47,Lunch,Thursday,0,No,18.43
Veg,107,166.74,166.19,Dinner,Friday,1,No,0.55
Veg,98,132.81,123.99,Dinner,Saturday,1,No,8.82
Non-Veg,56,110.16,96.63,Dinner,Sunday,1,No,13.53
Mixed,126,185.53,179.19,Lunch,Monday,0,No,6.34
Non-Veg,153,105.63,96.45,Dinner,Tuesday,0,No,9.18
Non-Veg,171,165.9,154.33,Dinner,Wednesday,0,No,11.57
Non-Veg,175,192.54,181.46,Lunch,Thursday,1,No,11.08
Mixed,174,147.85,138.61,Dinner,Friday,0,Yes,9.24
Mixed,60,147.25,135.95,Lunch,Saturday,1,Yes,11.3
Non-Veg,98,94.42,82.92,Dinner,Sunday,1,No,11.5
Mixed,124,189.44,182.8,Dinner,Monday,1,No,6.64
Veg,117,184.41,176.45,Lunch,Tuesday,0,Yes,7.96
Mixed,175,136.37,117.04,Dinner,Wednesday,0,No,19.33
Veg,110,86.66,84.98,Dinner,Thursday,0,Yes,1.68
Non-Veg,164,93.42,77.33,Lunch,Friday,0,No,16.09
Non-Veg,89,129.85,113.09,Dinner,Saturday,1,No,16.76
Non-Veg,170,182.89,163.31,Lunch,Sunday,1,No,19.58
Mixed,160,131.29,120.75,Dinner,Monday,0,No,10.54
Non-Veg,159,191.92,187.64,Dinner,Tuesday,0,No,4.28
Veg,154,139.52,124.02,Dinner,Wednesday,0,No,15.5
Mixed,118,138.49,132.27,Lunch,Thursday,0,No,6.22
Veg,113,185.24,169.84,Dinner,Friday,0,No,15.4
Mixed,144,161.44,150.75,Dinner,Saturday,1,No,10.69
Mixed,158,191.3,174.83,Lunch,Sunday,1,No,16.47
Non-Veg,162,162.64,159.43,Dinner,Monday,0,No,3.21
Non-Veg,175,172.77,169.15,Lunch,Tuesday,0,No,3.62
Mixed,170,110.71,97.15,Dinner,Wednesday,0,No,13.56
Veg,89,131.58,124.95,Lunch,Thursday,0,No,6.63
Non-Veg,93,101.53,101.09,Dinner,Friday,0,Yes,0.44
Non-Veg,123,133.54,115.23,Lunch,Saturday,1,Yes,18.31
Mixed,175,168.11,160.17,Lunch,Sunday,1,Yes,7.94
Non-Veg,163,197.06,196.41,Dinner,Monday,0,No,0.65
Non-Veg,158,172.47,170.35,Dinner,Tuesday,0,No,2.12
Veg,164,129.37,121.46,Dinner,Wednesday,0,No,7.91
Non-Veg,95,85.93,68.67,Dinner,Thursday,0,No,17.26
Mixed,127,165.9,161.64,Dinner,Friday,0,No,4.26
Veg,120,111.95,107.97,Dinner,Saturday,1,No,3.98
Non-Veg,58,92.3,83.03,Dinner,Sunday,1,Yes,9.27
Non-Veg,131,157.39,155.81,Dinner,Monday,0,No,1.58
Mixed,71,172.92,168.55,Lunch,Tuesday,0,No,4.37
Non-Veg,124,170.48,167.12,Dinner,Wednesday,0,Yes,3.36
Veg,150,195.82,192.85,Dinner,Thursday,0,No,2.97
Mixed,60,89.9,78.21,Lunch,Friday,0,No,11.69
Non-Veg,72,130.61,110.88,Lunch,Saturday,1,No,19.73
Non-Veg,124,90.37,74.28,Dinner,Sunday,1,No,16.09
Veg,57,122.42,114.96,Lunch,Monday,0,No,7.46
Non-Veg,143,175.54,170.22,Lunch,Tuesday,0,Yes,5.32
Veg,79,171.58,152.51,Lunch,Wednesday,0,Yes,19.07
Non-Veg,68,95.87,92.34,Lunch,Thursday,0,No,3.53
Mixed,115,189.11,185.77,Dinner,Friday,0,No,3.34
Non-Veg,131,104.73,90.46,Lunch,Saturday,1,No,14.27
Veg,87,192.67,173.86,Lunch,Sunday,1,No,18.81
Mixed,65,115.16,104.47,Dinner,Monday,0,No,10.69
Non-Veg,144,183.09,163.27,Lunch,Tuesday,0,No,19.82
Mixed,103,91.68,87.2,Lunch,Wednesday,0,No,4.48
Mixed,153,164.33,149.3,Lunch,Thursday,1,No,15.03
Veg,175,146.23,139.06,Dinner,Friday,0,No,7.17
Non-Veg,135,198.56,181.41,Lunch,Saturday,1,No,17.15
Non-Veg,116,198.73,187.86,Dinner,Sunday,1,Yes,10.87
Mixed,163,91.04,87.45,Lunch,Monday,0,No,3.59
Mixed,168,160.46,155.05,Lunch,Tuesday,0,No,5.41
Veg,73,178.71,164.6,Lunch,Wednesday,1,No,14.11
Veg,141,166.88,156.84,Dinner,Thursday,0,Yes,10.04
Non-Veg,86,162.84,150.59,Dinner,Friday,0,No,12.25
Mixed,113,102.82,91.0,Lunch,Saturday,1,No,11.82
Mixed,57,112.24,106.33,Dinner,Sunday,1,No,5.91
Non-Veg,102,94.66,90.3,Lunch,Monday,0,No,4.36
Veg,100,111.53,101.54,Dinner,Tuesday,1,Yes,9.99
Mixed,104,182.0,175.32,Dinner,Wednesday,0,No,6.68
Mixed,157,112.53,111.7,Lunch,Thursday,0,No,0.83
Non-Veg,162,90.63,73.08,Lunch,Friday,0,No,17.55
Veg,86,100.13,88.6,Lunch,Saturday,1,No,11.53
Veg,137,157.47,149.72,Lunch,Sunday,1,Yes,7.75
Veg,168,185.87,169.57,Dinner,Monday,0,No,16.3
Mixed,80,89.84,84.19,Lunch,Tuesday,0,No,5.65
Non-Veg,54,177.5,174.97,Dinner,Wednesday,0,No,2.53
Veg,174,115.48,103.02,Lunch,Thursday,1,No,12.46
Veg,144,98.45,93.57,Lunch,Friday,0,No,4.88
Mixed,138,162.87,162.18,Dinner,Saturday,1,No,0.69
Non-Veg,111,163.39,162.5,Dinner,Sunday,1,No,0.89
Mixed,156,197.65,189.49,Dinner,Monday,0,No,8.16
Veg,72,148.94,130.78,Lunch,Monday,0,No,18.16
Mixed,124,176.33,161.63,Lunch,Tuesday,0,No,14.7
Mixed,103,107.84,90.22,Dinner,Wednesday,0,No,17.62
Mixed,155,121.49,113.62,Dinner,Thursday,0,No,7.87
Non-Veg,130,144.32,133.31,Dinner,Friday,1,No,11.01
Mixed,155,100.42,85.4,Dinner,Saturday,1,No,15.02
Mixed,159,96.57,91.82,Dinner,Sunday,1,No,4.75
Non-Veg,166,186.06,170.79,Dinner,Monday,0,No,15.27
Veg,140,150.7,139.73,Lunch,Tuesday,0,No,10.97
Non-Veg,143,154.59,140.38,Lunch,Wednesday,0,No,14.21
Veg,103,184.03,165.8,Lunch,Thursday,1,No,18.23
Mixed,79,181.13,171.31,Lunch,Friday,0,Yes,9.82
Mixed,73,83.96,72.85,Lunch,Saturday,1,No,11.11
Mixed,103,117.57,104.23,Dinner,Sunday,1,No,13.34
Mixed,140,183.01,168.62,Dinner,Monday,0,No,14.39
Mixed,172,126.6,114.93,Dinner,Tuesday,0,No,11.67
Non-Veg,67,187.99,168.65,Lunch,Wednesday,1,No,19.34
Non-Veg,173,86.07,84.98,Lunch,Thursday,0,Yes,1.09
Non-Veg,146,144.23,129.29,Lunch,Friday,0,No,14.94
Non-Veg,162,168.71,165.46,Lunch,Saturday,1,No,3.25
Veg,87,195.8,180.58,Lunch,Sunday,1,No,15.22
Non-Veg,147,127.22,117.77,Dinner,Monday,0,No,9.45
Veg,53,107.24,103.66,Lunch,Tuesday,0,Yes,3.58
Non-Veg,96,169.31,163.5,Lunch,Wednesday,1,No,5.81
Mixed,61,89.79,70.76,Lunch,Thursday,0,No,19.03
Veg,67,154.61,152.41,Lunch,Friday,1,No,2.2
Veg,144,94.23,93.0,Dinner,Saturday,1,No,1.23
Non-Veg,118,107.82,91.22,Lunch,Sunday,1,No,16.6
Non-Veg,107,122.58,115.22,Dinner,Monday,0,No,7.36
Mixed,107,139.28,128.08,Dinner,Tuesday,0,No,11.2
Veg,83,144.68,131.73,Lunch,Wednesday,0,No,12.95
Non-Veg,78,178.0,170.61,Dinner,Thursday,0,No,7.39
Veg,56,165.64,151.92,Lunch,Friday,0,No,13.72
Non-Veg,157,130.39,115.68,Lunch,Saturday,1,No,14.71
Non-Veg,116,148.07,136.29,Lunch,Sunday,1,No,11.78
Non-Veg,160,152.28,132.46,Dinner,Monday,0,No,19.82
Veg,160,126.65,111.83,Lunch,Tuesday,0,Yes,14.82
Non-Veg,151,116.43,107.61,Dinner,Wednesday,0,No,8.82
Mixed,135,122.73,112.3,Dinner,Thursday,0,No,10.43
Non-Veg,83,141.27,129.94,Dinner,Friday,0,No,11.33
Mixed,173,180.29,178.27,Lunch,Saturday,1,No,2.02
Non-Veg,88,91.31,88.38,Lunch,Sunday,1,No,2.93
Non-Veg,54,144.84,139.46,Lunch,Monday,0,No,5.38
Non-Veg,152,97.88,94.92,Dinner,Tuesday,1,No,2.96
Veg,146,124.1,110.91,Dinner,Wednesday,0,Yes,13.19
Non-Veg,97,81.44,69.48,Lunch,Thursday,0,Yes,11.96
Veg,60,132.09,118.73,Dinner,Friday,0,No,13.36
Mixed,53,140.15,128.91,Lunch,Saturday,1,No,11.24
Veg,129,107.46,99.33,Dinner,Sunday,1,Yes,8.13
Veg,74,121.66,119.13,Lunch,Monday,0,No,2.53
Veg,144,139.81,122.38,Dinner,Tuesday,0,No,17.43
Veg,125,158.31,146.2,Lunch,Wednesday,0,No,12.11
Mixed,116,184.48,180.98,Lunch,Thursday,0,No,3.5
Non-Veg,91,173.06,158.91,Dinner,Friday,0,Yes,14.15
Mixed,69,165.26,150.07,Lunch,Saturday,1,No,15.19
Veg,155,185.43,176.48,Lunch,Sunday,1,No,8.95
Non-Veg,99,138.36,132.04,Lunch,Monday,0,No,6.32
Non-Veg,116,187.87,186.28,Lunch,Tuesday,0,Yes,1.59
Veg,53,95.61,82.17,Dinner,Wednesday,0,No,13.44
Veg,154,160.42,154.67,Lunch,Thursday,0,No,5.75
Veg,76,115.96,106.69,Lunch,Friday,0,No,9.27
Veg,98,160.53,152.21,Lunch,Saturday,1,No,8.32
Veg,61,81.97,65.82,Dinner,Sunday,1,No,16.15
Veg,172,110.96,107.25,Lunch,Monday,0,No,3.71
Mixed,98,179.66,177.38,Dinner,Tuesday,0,No,2.28
Mixed,108,96.47,93.56,Lunch,Wednesday,0,No,2.91
Mixed,99,118.37,102.36,Dinner,Thursday,0,No,16.01
Mixed,73,191.32,175.48,Lunch,Friday,0,No,15.84
Mixed,125,137.03,125.91,Lunch,Saturday,1,No,11.12
Non-Veg,112,190.28,178.78,Dinner,Sunday,1,No,11.5
Non-Veg,177,97.5,96.94,Lunch,Monday,0,No,0.56
Mixed,64,174.37,162.45,Dinner,Tuesday,0,No,11.92
Non-Veg,56,152.23,146.0,Dinner,Wednesday,1,No,6.23
Non-Veg,168,85.99,70.1,Dinner,Thursday,0,No,15.89
Veg,83,198.76,179.56,Lunch,Friday,0,Yes,19.2
Veg,83,143.2,132.49,Dinner,Saturday,1,No,10.71
Non-Veg,51,178.76,160.85,Dinner,Sunday,1,No,17.91
Non-Veg,86,190.36,187.04,Dinner,Monday,0,Yes,3.32
Non-Veg,62,134.09,117.28,Dinner,Tuesday,0,Yes,16.81
Mixed,126,195.67,176.48,Lunch,Wednesday,0,No,19.19
Mixed,60,125.76,110.25,Dinner,Thursday,0,No,15.51
Mixed,163,193.0,186.59,Lunch,Friday,0,No,6.41
Mixed,142,104.96,91.85,Dinner,Saturday,1,Yes,13.11
Non-Veg,148,101.82,86.31,Lunch,Sunday,1,No,15.51
Veg,85,99.55,94.04,Lunch,Monday,0,No,5.51
Mixed,100,146.35,138.1,Dinner,Tuesday,0,Yes,8.25
Veg,94,136.4,129.28,Lunch,Wednesday,0,No,7.12
Mixed,126,171.09,151.76,Dinner,Thursday,0,No,19.33
Mixed,160,129.83,111.76,Dinner,Friday,0,Yes,18.07
Mixed,155,85.3,71.11,Lunch,Saturday,1,No,14.19
Non-Veg,98,173.3,163.19,Lunch,Sunday,1,No,10.11
Veg,109,157.92,145.99,Dinner,Monday,0,No,11.93
Veg,157,91.64,90.74,Lunch,Tuesday,0,No,0.9
Non-Veg,146,141.24,140.66,Dinner,Wednesday,1,No,0.58
Mixed,147,113.51,105.13,Dinner,Thursday,0,Yes,8.38
Mixed,112,121.53,119.61,Lunch,Friday,0,No,1.92
Non-Veg,80,144.94,133.09,Lunch,Saturday,1,No,11.85
Non-Veg,160,165.21,146.92,Dinner,Sunday,1,Yes,18.29
Mixed,67,115.22,114.84,Dinner,Monday,0,No,0.38
Mixed,163,194.95,186.88,Lunch,Tuesday,0,No,8.07
Non-Veg,82,148.53,135.3,Dinner,Wednesday,0,No,13.23
Mixed,60,117.08,111.19,Dinner,Thursday,1,No,5.89
Mixed,151,81.61,79.68,Lunch,Friday,0,No,1.93
Veg,76,151.25,139.32,Dinner,Saturday,1,Yes,11.93
Veg,156,136.33,125.03,Lunch,Sunday,1,No,11.3
Non-Veg,168,90.82,78.28,Lunch,Monday,1,No,12.54
Veg,141,85.76,82.4,Dinner,Tuesday,1,Yes,3.36
Veg,86,112.21,94.79,Dinner,Wednesday,1,No,17.42
Mixed,116,146.86,142.59,Dinner,Thursday,0,Yes,4.27
Veg,85,123.63,123.19,Dinner,Friday,0,No,0.44
Non-Veg,161,96.37,90.0,Lunch,Saturday,1,Yes,6.37
Veg,114,186.39,169.62,Dinner,Sunday,1,No,16.77
Non-Veg,61,155.04,154.74,Lunch,Monday,0,No,0.3
Mixed,58,189.08,179.56,Lunch,Tuesday,0,No,9.52
Non-Veg,86,137.64,118.66,Dinner,Wednesday,0,No,18.98
Mixed,63,86.52,81.51,Lunch,Thursday,0,No,5.01
Non-Veg,110,158.57,151.69,Lunch,Friday,0,No,6.88
Non-Veg,156,164.29,163.41,Lunch,Saturday,1,No,0.88
Mixed,163,191.25,174.39,Lunch,Sunday,1,Yes,16.86
Veg,118,196.28,193.59,Dinner,Monday,0,No,2.69
Non-Veg,80,143.15,124.33,Lunch,Tuesday,0,No,18.82
Mixed,180,118.78,114.36,Dinner,Wednesday,0,No,4.42
Mixed,165,130.44,118.32,Lunch,Thursday,0,No,12.12
Mixed,65,118.08,108.69,Lunch,Friday,0,No,9.39
Non-Veg,129,196.08,191.49,Dinner,Saturday,1,No,4.59
Veg,103,148.21,146.92,Lunch,Sunday,1,Yes,1.29
Veg,169,150.0,131.8,Lunch,Monday,0,No,18.2
Non-Veg,155,85.95,85.16,Lunch,Tuesday,0,Yes,0.79
Non-Veg,141,146.33,127.03,Dinner,Wednesday,0,Yes,19.3
Mixed,56,144.88,137.33,Lunch,Thursday,0,No,7.55
Mixed,127,82.39,68.25,Lunch,Friday,1,No,14.14
Mixed,123,96.31,82.37,Dinner,Saturday,1,No,13.94
Mixed,128,124.77,113.4,Dinner,Sunday,1,No,11.37
Veg,147,188.43,185.0,Dinner,Monday,0,No,3.43
Mixed,145,186.32,170.09,Lunch,Tuesday,0,No,16.23
Non-Veg,148,166.83,148.25,Lunch,Wednesday,0,No,18.58
Mixed,179,147.78,141.96,Dinner,Thursday,0,Yes,5.82
Mixed,112,188.86,172.25,Dinner,Friday,0,Yes,16.61
Non-Veg,54,142.87,139.9,Dinner,Saturday,1,No,2.97
Non-Veg,148,145.41,132.02,Dinner,Sunday,1,No,13.39
Veg,131,121.58,116.33,Lunch,Monday,0,No,5.25
Non-Veg,150,131.69,121.11,Lunch,Tuesday,0,No,10.58
Veg,89,107.8,104.89,Lunch,Wednesday,0,Yes,2.91
Veg,98,84.44,80.25,Lunch,Thursday,0,No,4.19
Mixed,54,149.54,148.29,Dinner,Friday,0,No,1.25
Non-Veg,109,86.91,81.54,Dinner,Saturday,1,No,5.37
Mixed,122,142.0,133.33,Dinner,Sunday,1,No,8.67
Veg,108,174.21,157.92,Lunch,Monday,0,Yes,16.29
Non-Veg,174,132.52,115.94,Dinner,Tuesday,0,No,16.58
Mixed,149,166.56,154.81,Dinner,Wednesday,0,No,11.75
Veg,77,96.94,90.94,Dinner,Thursday,0,Yes,6.0
Non-Veg,96,129.91,119.37,Dinner,Friday,1,No,10.54
Non-Veg,51,183.66,170.65,Dinner,Saturday,1,Yes,13.01
Mixed,118,85.62,65.85,Dinner,Sunday,1,No,19.77
Non-Veg,178,88.0,69.37,Dinner,Monday,0,No,18.63
Mixed,66,106.68,90.74,Lunch,Tuesday,1,No,15.94
Veg,84,171.39,153.07,Dinner,Wednesday,0,No,18.32
Mixed,72,159.38,151.06,Dinner,Thursday,1,No,8.32
Non-Veg,139,84.29,77.09,Dinner,Friday,0,No,7.2
Mixed,76,89.72,69.9,Dinner,Saturday,1,No,19.82
Veg,149,135.73,132.49,Dinner,Sunday,1,No,3.24
Veg,118,84.97,75.12,Lunch,Monday,0,No,9.85
Mixed,132,99.22,80.77,Lunch,Tuesday,0,No,18.45
Non-Veg,114,182.96,165.43,Dinner,Wednesday,1,No,17.53
Mixed,171,194.96,178.48,Lunch,Thursday,0,No,16.48
Veg,114,168.25,159.42,Lunch,Friday,0,No,8.83
Veg,98,167.89,151.11,Dinner,Saturday,1,Yes,16.78
Non-Veg,155,173.03,172.58,Dinner,Sunday,1,No,0.45
Non-Veg,93,81.61,66.4,Dinner,Monday,0,No,15.21
Non-Veg,67,92.21,89.76,Dinner,Tuesday,0,No,2.45
Mixed,97,198.94,191.5,Lunch,Wednesday,0,No,7.44
Veg,162,88.22,77.88,Lunch,Thursday,0,No,10.34
Mixed,110,119.27,99.9,Lunch,Friday,0,No,19.37
Mixed,82,154.59,150.59,Lunch,Saturday,1,No,4.0
Mixed,59,132.89,113.05,Dinner,Sunday,1,Yes,19.84
Non-Veg,72,191.61,189.5,Lunch,Monday,0,No,2.11
Veg,119,181.98,178.48,Dinner,Tuesday,0,Yes,3.5
Veg,117,194.42,183.9,Dinner,Wednesday,0,No,10.52
Mixed,78,146.68,127.99,Lunch,Thursday,0,No,18.69
Veg,159,114.01,96.37,Dinner,Friday,1,No,17.64
Veg,122,124.63,115.98,Lunch,Saturday,1,No,8.65
Veg,116,89.84,80.93,Dinner,Sunday,1,No,8.91
Mixed,159,140.65,125.51,Dinner,Monday,0,No,15.14
Mixed,171,116.26,104.32,Lunch,Tuesday,0,No,11.94
Veg,132,100.86,88.15,Lunch,Wednesday,0,No,12.71
Non-Veg,128,121.2,107.12,Dinner,Thursday,0,No,14.08
Mixed,157,99.25,79.34,Lunch,Friday,0,No,19.91
Non-Veg,140,169.28,150.39,Lunch,Saturday,1,Yes,18.89
Veg,105,103.48,84.51,Dinner,Sunday,1,No,18.97
Veg,174,191.87,186.85,Lunch,Monday,0,No,5.02
Veg,120,161.05,143.56,Dinner,Tuesday,0,No,17.49
Veg,174,105.42,98.91,Dinner,Wednesday,0,No,6.51
Veg,87,105.96,99.59,Dinner,Thursday,0,No,6.37
Veg,94,109.88,97.47,Dinner,Friday,0,No,12.41
Non-Veg,129,124.5,110.13,Dinner,Saturday,1,Yes,14.37
Mixed,160,138.42,130.36,Lunch,Sunday,1,No,8.06
Non-Veg,83,155.96,149.03,Dinner,Monday,0,No,6.93
Non-Veg,125,83.98,80.99,Lunch,Tuesday,0,No,2.99
Veg,89,185.84,179.71,Dinner,Wednesday,0,No,6.13
Mixed,142,192.09,180.96,Lunch,Thursday,0,No,11.13
Non-Veg,131,171.29,161.67,Dinner,Friday,0,No,9.62
Mixed,109,138.66,137.41,Dinner,Saturday,1,No,1.25
Veg,87,108.49,94.11,Lunch,Sunday,1,No,14.38
Non-Veg,149,165.41,156.67,Dinner,Monday,0,No,8.74
Mixed,111,119.44,107.2,Lunch,Tuesday,0,No,12.24
Mixed,77,186.61,179.19,Lunch,Wednesday,0,No,7.42
Mixed,143,100.9,94.08,Dinner,Thursday,0,No,6.82
Veg,144,161.4,150.52,Lunch,Friday,0,No,10.88
Mixed,142,187.86,187.56,Dinner,Saturday,1,No,0.3
Mixed,162,90.75,83.84,Dinner,Sunday,1,No,6.91
Mixed,100,185.36,181.47,Dinner,Monday,1,No,3.89
Veg,130,120.9,111.13,Dinner,Tuesday,0,No,9.77
Mixed,178,102.32,82.65,Dinner,Wednesday,0,No,19.67
Non-Veg,87,107.22,91.58,Lunch,Thursday,0,Yes,15.64
Non-Veg,74,92.46,75.4,Dinner,Friday,0,No,17.06
Veg,101,163.08,147.41,Dinner,Saturday,1,No,15.67
Mixed,61,106.76,86.96,Lunch,Sunday,1,No,19.8
Veg,118,95.32,82.1,Dinner,Monday,0,No,13.22
Non-Veg,124,164.71,152.67,Dinner,Tuesday,0,No,12.04
Mixed,162,102.69,92.66,Dinner,Wednesday,0,No,10.03
Mixed,52,88.75,73.46,Dinner,Thursday,0,No,15.29
Mixed,78,116.67,101.25,Lunch,Friday,0,No,15.42
Veg,56,126.77,111.63,Lunch,Saturday,1,No,15.14
Mixed,106,187.28,175.64,Lunch,Sunday,1,No,11.64
Veg,177,163.11,153.56,Lunch,Monday,0,Yes,9.55
Mixed,154,186.66,174.49,Dinner,Tuesday,0,No,12.17
Veg,128,113.45,100.43,Dinner,Wednesday,1,No,13.02
Non-Veg,142,125.34,125.11,Lunch,Thursday,0,No,0.23
Veg,50,155.25,141.31,Lunch,Friday,0,Yes,13.94
Mixed,115,104.65,94.99,Dinner,Saturday,1,No,9.66
Mixed,163,111.86,93.48,Dinner,Sunday,1,No,18.38
Non-Veg,132,116.35,101.68,Lunch,Monday,0,Yes,14.67
Non-Veg,111,91.19,89.92,Lunch,Tuesday,1,No,1.27
Veg,121,190.23,170.88,Lunch,Wednesday,0,No,19.35
Non-Veg,177,127.45,124.63,Dinner,Thursday,0,No,2.82
Non-Veg,106,100.34,98.7,Dinner,Friday,0,No,1.64
Non-Veg,116,107.78,102.3,Lunch,Saturday,1,No,5.48
Veg,135,114.93,113.48,Lunch,Sunday,1,No,1.45
Non-Veg,62,135.29,124.18,Lunch,Monday,0,No,11.11
Non-Veg,170,112.05,110.61,Dinner,Tuesday,0,Yes,1.44
Mixed,157,180.59,171.33,Lunch,Wednesday,0,No,9.26
Mixed,71,148.16,143.15,Dinner,Thursday,0,No,5.01
Veg,133,125.67,115.65,Dinner,Friday,0,No,10.02
Mixed,141,88.01,87.65,Lunch,Saturday,1,No,0.36
Veg,72,166.45,148.17,Lunch,Sunday,1,No,18.28
Veg,147,124.48,122.88,Dinner,Monday,0,No,1.6
Non-Veg,51,148.34,141.73,Dinner,Tuesday,1,No,6.61
Veg,148,198.36,189.94,Dinner,Wednesday,0,No,8.42
Mixed,60,92.13,78.38,Dinner,Thursday,0,Yes,13.75
Non-Veg,145,135.1,125.7,Lunch,Friday,0,No,9.4
Mixed,51,174.51,166.8,Lunch,Saturday,1,No,7.71
Non-Veg,97,80.89,66.23,Lunch,Sunday,1,No,14.66
Mixed,96,116.02,106.76,Dinner,Monday,0,No,9.26
Mixed,89,122.32,106.81,Lunch,Tuesday,0,Yes,15.51
Mixed,78,108.15,89.07,Dinner,Wednesday,0,No,19.08
Mixed,165,92.85,79.43,Dinner,Thursday,0,No,13.42
Mixed,118,83.18,63.27,Dinner,Friday,0,No,19.91
Mixed,179,114.46,108.68,Dinner,Saturday,1,No,5.78
Mixed,138,162.22,149.19,Lunch,Sunday,1,No,13.03
Mixed,69,164.26,158.84,Lunch,Monday,0,No,5.42
Non-Veg,156,109.37,106.36,Dinner,Tuesday,0,No,3.01
Veg,113,193.12,189.53,Lunch,Wednesday,0,No,3.59
Veg,156,168.53,162.85,Lunch,Thursday,1,No,5.68
Non-Veg,67,140.37,123.42,Lunch,Friday,0,Yes,16.95
Veg,106,114.88,114.37,Dinner,Saturday,1,No,0.51
Veg,172,113.93,107.36,Dinner,Sunday,1,Yes,6.57
Veg,93,184.22,176.07,Dinner,Monday,0,No,8.15
Mixed,178,80.94,69.52,Dinner,Tuesday,0,No,11.42
Mixed,169,117.4,115.62,Dinner,Wednesday,0,No,1.78
Non-Veg,103,151.68,133.6,Lunch,Thursday,0,No,18.08
Veg,106,110.13,104.31,Dinner,Friday,0,Yes,5.82
Veg,147,199.38,193.11,Dinner,Saturday,1,No,6.27
Veg,139,81.48,63.54,Dinner,Sunday,1,Yes,17.94
Non-Veg,152,180.33,172.05,Dinner,Monday,0,Yes,8.28
Non-Veg,76,90.62,75.44,Lunch,Tuesday,0,No,15.18
Mixed,125,190.99,175.89,Lunch,Wednesday,0,No,15.1
Veg,66,140.93,123.64,Dinner,Thursday,0,No,17.29
Veg,153,157.57,155.46,Lunch,Friday,0,Yes,2.11
Mixed,68,170.7,161.3,Dinner,Saturday,1,No,9.4
Mixed,119,197.69,197.2,Dinner,Sunday,1,No,0.49
Veg,126,97.06,94.04,Lunch,Monday,0,No,3.02
Veg,158,199.63,188.51,Dinner,Tuesday,0,No,11.12
Mixed,88,157.56,138.02,Lunch,Wednesday,0,No,19.54
Mixed,105,192.95,177.33,Lunch,Thursday,0,No,15.62
Mixed,117,158.15,146.33,Lunch,Friday,1,No,11.82
Mixed,51,91.38,81.89,Dinner,Saturday,1,No,9.49
Non-Veg,114,106.53,101.54,Dinner,Sunday,1,No,4.99
Mixed,56,83.39,76.85,Lunch,Monday,0,No,6.54
Veg,98,131.3,129.93,Dinner,Tuesday,0,No,1.37
Non-Veg,62,170.91,161.31,Lunch,Wednesday,0,No,9.6
Mixed,103,154.01,145.14,Lunch,Thursday,0,No,8.87
Veg,118,122.55,115.17,Dinner,Friday,0,No,7.38
Veg,151,96.08,85.05,Lunch,Saturday,1,No,11.03
Non-Veg,123,124.81,114.93,Lunch,Sunday,1,Yes,9.88
Veg,118,84.34,67.27,Lunch,Monday,0,No,17.07
Non-Veg,168,119.29,103.2,Dinner,Tuesday,1,No,16.09
Mixed,95,91.26,86.75,Lunch,Wednesday,0,No,4.51
Non-Veg,128,139.8,132.22,Lunch,Thursday,0,No,7.58
Non-Veg,105,139.63,127.87,Dinner,Friday,0,No,11.76
Mixed,93,118.95,116.67,Lunch,Saturday,1,No,2.28
Veg,60,158.08,153.66,Dinner,Sunday,1,Yes,4.42
Mixed,140,142.37,127.47,Dinner,Monday,0,No,14.9
Veg,80,137.95,124.25,Dinner,Tuesday,0,No,13.7
Veg,67,155.97,139.7,Dinner,Wednesday,1,No,16.27
Non-Veg,94,83.96,68.99,Lunch,Thursday,0,No,14.97
Non-Veg,97,101.15,95.28,Dinner,Friday,0,Yes,5.87
Veg,161,128.33,115.55,Lunch,Saturday,1,Yes,12.78
Veg,165,159.58,150.9,Lunch,Sunday,1,No,8.68
Veg,75,157.48,139.81,Lunch,Monday,0,No,17.67
Veg,99,154.52,142.08,Lunch,Tuesday,0,No,12.44
Veg,52,111.35,97.51,Dinner,Wednesday,0,No,13.84
Mixed,87,178.63,165.83,Lunch,Thursday,0,No,12.8
Mixed,101,147.35,146.37,Lunch,Friday,1,No,0.98
Veg,104,94.69,79.37,Lunch,Saturday,1,No,15.32
Veg,70,148.63,137.38,Lunch,Sunday,1,No,11.25
Non-Veg,179,98.03,87.54,Dinner,Monday,0,Yes,10.49
Mixed,114,109.7,105.99,Dinner,Tuesday,0,No,3.71
Mixed,97,104.71,99.31,Lunch,Wednesday,0,No,5.4
Mixed,107,85.99,85.7,Lunch,Thursday,0,No,0.29
Veg,80,122.1,121.0,Dinner,Friday,0,No,1.1
Veg,70,166.09,164.98,Dinner,Saturday,1,No,1.11
Mixed,120,108.44,97.23,Dinner,Sunday,1,No,11.21
Non-Veg,151,146.05,135.46,Dinner,Monday,0,Yes,10.59
Non-Veg,138,84.37,73.47,Lunch,Tuesday,0,No,10.9
Non-Veg,83,108.47,92.14,Lunch,Wednesday,0,No,16.33
Non-Veg,100,138.19,135.49,Dinner,Thursday,0,No,2.7
Non-Veg,117,127.66,122.33,Lunch,Friday,0,No,5.33
Mixed,114,114.4,108.97,Dinner,Saturday,1,No,5.43
Veg,136,106.98,93.82,Dinner,Sunday,1,Yes,13.16
Non-Veg,121,121.14,105.63,Dinner,Monday,0,Yes,15.51
Veg,162,141.67,130.54,Dinner,Tuesday,0,No,11.13
Veg,129,102.17,88.82,Dinner,Wednesday,0,No,13.35
Mixed,130,148.96,135.16,Dinner,Thursday,0,No,13.8
Mixed,56,182.35,168.94,Dinner,Friday,0,No,13.41
Veg,73,97.75,81.29,Lunch,Saturday,1,Yes,16.46
Non-Veg,109,92.82,92.77,Dinner,Sunday,1,No,0.05
Mixed,119,165.63,163.76,Dinner,Monday,0,No,1.87
Mixed,81,128.1,108.17,Dinner,Tuesday,1,No,19.93
Mixed,85,99.32,97.49,Lunch,Wednesday,0,No,1.83
Mixed,151,130.7,125.18,Lunch,Thursday,0,No,5.52
Mixed,161,168.95,167.3,Dinner,Friday,1,No,1.65
Veg,120,190.54,186.09,Dinner,Saturday,1,No,4.45
Non-Veg,149,191.38,178.27,Dinner,Sunday,1,Yes,13.11
Non-Veg,131,151.4,135.67,Dinner,Monday,0,No,15.73
Mixed,107,93.11,83.86,Dinner,Tuesday,0,No,9.25
Mixed,173,146.17,145.79,Dinner,Wednesday,0,No,0.38
Veg,166,83.52,81.85,Dinner,Thursday,0,No,1.67
Non-Veg,119,173.49,154.64,Lunch,Friday,0,Yes,18.85
Non-Veg,146,149.29,135.35,Lunch,Saturday,1,No,13.94
Non-Veg,69,182.15,178.18,Dinner,Sunday,1,No,3.97
Non-Veg,85,89.45,73.5,Dinner,Monday,0,No,15.95
Veg,88,127.67,123.69,Dinner,Tuesday,0,No,3.98
Mixed,80,145.04,127.06,Lunch,Wednesday,0,No,17.98
Non-Veg,62,188.44,174.2,Lunch,Thursday,1,No,14.24
Veg,119,100.54,81.38,Dinner,Friday,0,No,19.16
Non-Veg,101,88.34,79.42,Lunch,Saturday,1,No,8.92
Veg,87,186.77,173.08,Dinner,Sunday,1,No,13.69
Veg,178,115.32,113.15,Lunch,Monday,0,No,2.17
Veg,168,163.71,157.78,Lunch,Tuesday,0,No,5.93
Mixed,120,91.11,73.07,Dinner,Wednesday,0,No,18.04
Veg,145,93.27,84.02,Dinner,Thursday,0,No,9.25
Mixed,105,191.79,190.6,Dinner,Friday,0,Yes,1.19
Mixed,142,182.39,174.34,Dinner,Saturday,1,No,8.05
Veg,105,199.25,191.28,Dinner,Sunday,1,Yes,7.97
Veg,94,141.45,136.71,Lunch,Monday,0,No,4.74
Mixed,170,196.49,191.24,Lunch,Monday,0,No,5.25
Mixed,52,138.07,124.21,Lunch,Tuesday,0,No,13.86
Non-Veg,60,179.11,160.17,Lunch,Wednesday,0,Yes,18.94
Mixed,158,94.99,87.04,Lunch,Thursday,1,No,7.95
Mixed,79,85.4,74.45,Dinner,Friday,1,No,10.95
Veg,161,121.16,105.2,Dinner,Saturday,1,Yes,15.96
Mixed,128,93.46,92.82,Lunch,Sunday,1,Yes,0.64
Non-Veg,79,199.66,182.16,Dinner,Monday,0,No,17.5
Mixed,149,155.15,151.22,Dinner,Tuesday,0,No,3.93
Non-Veg,103,198.68,180.38,Lunch,Wednesday,0,No,18.3
Veg,72,185.97,166.28,Lunch,Thursday,0,No,19.69
Mixed,165,98.88,84.25,Lunch,Friday,0,No,14.63
Mixed,98,168.89,150.68,Dinner,Saturday,1,No,18.21
Veg,179,144.5,133.37,Lunch,Sunday,1,Yes,11.13
Mixed,97,151.86,133.6,Dinner,Monday,0,No,18.26
Mixed,163,113.93,110.09,Dinner,Tuesday,0,No,3.84
Mixed,91,172.89,164.68,Lunch,Wednesday,0,No,8.21
Non-Veg,135,186.68,176.86,Dinner,Thursday,1,Yes,9.82
Veg,60,94.73,89.4,Dinner,Friday,0,No,5.33
Mixed,125,158.1,156.61,Dinner,Saturday,1,No,1.49
Mixed,178,163.43,146.08,Lunch,Sunday,1,No,17.35
Non-Veg,166,176.73,167.18,Dinner,Monday,0,No,9.55
Veg,112,177.39,173.56,Lunch,Tuesday,0,No,3.83
Non-Veg,80,119.94,111.06,Lunch,Wednesday,0,No,8.88
Non-Veg,85,189.05,175.05,Lunch,Thursday,0,No,14.0
Non-Veg,66,182.6,167.26,Lunch,Friday,0,No,15.34
Non-Veg,179,185.06,179.79,Lunch,Saturday,1,No,5.27
Mixed,156,161.89,145.56,Dinner,Sunday,1,No,16.33
Veg,119,88.4,82.44,Dinner,Monday,0,No,5.96
Veg,97,83.38,67.76,Dinner,Tuesday,0,No,15.62
Non-Veg,155,134.66,127.29,Lunch,Wednesday,0,No,7.37
Mixed,68,187.62,180.71,Dinner,Thursday,0,Yes,6.91
Veg,80,103.38,86.21,Lunch,Friday,0,Yes,17.17
Non-Veg,169,128.45,108.79,Dinner,Saturday,1,No,19.66
Mixed,168,149.32,148.69,Dinner,Sunday,1,No,0.63
Non-Veg,108,121.61,114.73,Lunch,Monday,0,Yes,6.88
Veg,138,187.98,173.24,Dinner,Tuesday,0,No,14.74
Non-Veg,96,116.49,115.09,Dinner,Wednesday,0,Yes,1.4
Non-Veg,126,95.28,76.87,Dinner,Thursday,0,No,18.41
Non-Veg,164,108.98,89.38,Dinner,Friday,0,No,19.6
Mixed,159,116.64,104.0,Lunch,Saturday,1,No,12.64
Mixed,178,105.71,92.41,Lunch,Sunday,1,No,13.3
Veg,160,134.79,133.4,Lunch,Monday,0,No,1.39
Veg,126,133.14,126.5,Dinner,Tuesday,1,Yes,6.64
Mixed,90,180.58,169.24,Lunch,Wednesday,0,No,11.34
Veg,180,183.59,177.98,Lunch,Thursday,0,No,5.61
Veg,137,161.31,160.74,Dinner,Friday,0,No,0.57
Veg,83,82.42,79.91,Dinner,Saturday,1,No,2.51
Mixed,146,87.38,85.29,Lunch,Sunday,1,Yes,2.09
Veg,97,184.88,172.83,Dinner,Monday,0,No,12.05
Veg,80,140.49,124.63,Lunch,Tuesday,0,No,15.86
Non-Veg,101,168.52,150.9,Dinner,Wednesday,0,No,17.62
Non-Veg,94,119.52,104.24,Lunch,Thursday,0,No,15.28
Veg,168,179.02,173.62,Dinner,Friday,0,No,5.4
Mixed,124,193.18,190.46,Lunch,Saturday,1,Yes,2.72
Veg,111,127.96,116.76,Lunch,Sunday,1,No,11.2
Non-Veg,98,126.5,125.75,Dinner,Monday,1,No,0.75
Veg,116,193.26,180.67,Dinner,Tuesday,0,No,12.59
Non-Veg,61,181.9,169.79,Lunch,Wednesday,0,No,12.11
Veg,129,165.73,161.24,Dinner,Thursday,0,No,4.49
Non-Veg,126,114.05,107.56,Dinner,Friday,0,No,6.49
Veg,88,134.25,128.39,Dinner,Saturday,1,No,5.86
Mixed,142,189.85,177.13,Dinner,Sunday,1,Yes,12.72
Veg,65,189.22,186.17,Lunch,Monday,0,Yes,3.05
Non-Veg,88,103.52,85.23,Lunch,Tuesday,0,No,18.29
Mixed,145,186.39,167.11,Dinner,Wednesday,0,No,19.28
Mixed,63,131.89,122.25,Lunch,Thursday,0,No,9.64
Mixed,87,107.28,102.33,Dinner,Friday,1,No,4.95
Mixed,63,101.05,88.05,Lunch,Saturday,1,No,13.0
Mixed,64,169.46,165.41,Dinner,Sunday,1,No,4.05
Non-Veg,68,109.73,96.1,Dinner,Monday,0,No,13.63
Mixed,96,161.48,155.43,Lunch,Tuesday,0,No,6.05
Mixed,152,121.25,117.33,Dinner,Wednesday,0,No,3.92
Non-Veg,145,175.75,156.51,Dinner,Thursday,0,No,19.24
Non-Veg,90,81.77,71.77,Lunch,Friday,0,No,10.0
Non-Veg,155,164.58,153.56,Dinner,Saturday,1,No,11.02
Non-Veg,70,92.28,87.88,Lunch,Sunday,1,No,4.4
Mixed,71,190.46,189.85,Lunch,Monday,0,No,0.61
Non-Veg,104,181.03,167.71,Lunch,Tuesday,0,No,13.32
Mixed,77,137.31,120.25,Lunch,Wednesday,0,No,17.06
Mixed,80,188.56,182.92,Dinner,Thursday,0,No,5.64
Veg,172,169.23,168.23,Dinner,Friday,0,Yes,1.0
Non-Veg,103,116.71,100.56,Dinner,Saturday,1,No,16.15
Mixed,161,132.75,123.26,Lunch,Sunday,1,No,9.49
Mixed,125,103.33,83.54,Dinner,Monday,0,No,19.79
Mixed,173,88.0,84.86,Lunch,Tuesday,1,Yes,3.14
Mixed,169,158.77,148.91,Lunch,Wednesday,0,No,9.86
Mixed,118,164.21,152.84,Lunch,Thursday,0,Yes,11.37
Veg,130,138.25,134.23,Lunch,Friday,0,Yes,4.02
Veg,75,183.13,179.75,Dinner,Saturday,1,No,3.38
Non-Veg,129,81.63,68.14,Lunch,Sunday,1,No,13.49
Non-Veg,176,162.51,147.08,Lunch,Monday,0,Yes,15.43
Mixed,64,184.03,171.0,Dinner,Tuesday,0,No,13.03
Non-Veg,124,114.67,102.94,Dinner,Wednesday,0,Yes,11.73
Non-Veg,166,134.9,133.44,Dinner,Thursday,0,Yes,1.46
Veg,149,123.75,108.85,Lunch,Friday,0,No,14.9
Non-Veg,89,97.84,80.68,Lunch,Saturday,1,Yes,17.16
Non-Veg,97,138.84,138.38,Lunch,Sunday,1,No,0.46
Mixed,178,177.09,159.62,Lunch,Monday,0,No,17.47
Non-Veg,66,197.06,186.66,Lunch,Tuesday,0,No,10.4
Mixed,162,183.34,179.18,Dinner,Wednesday,0,Yes,4.16
Non-Veg,94,164.79,159.28,Lunch,Thursday,1,No,5.51
Veg,134,92.89,82.99,Dinner,Friday,0,No,9.9
Mixed,70,91.91,76.65,Dinner,Saturday,1,No,15.26
Mixed,81,177.45,165.06,Dinner,Sunday,1,No,12.39
Mixed,100,121.78,109.42,Dinner,Monday,0,No,12.36
Veg,97,141.85,132.25,Dinner,Tuesday,0,Yes,9.6
Mixed,162,143.41,140.23,Dinner,Wednesday,0,Yes,3.18
Mixed,135,94.81,75.29,Lunch,Thursday,0,No,19.52
Veg,148,93.59,92.59,Lunch,Friday,0,No,1.0
Non-Veg,79,193.71,178.31,Dinner,Saturday,1,No,15.4
Non-Veg,171,94.52,80.45,Dinner,Sunday,1,No,14.07
Non-Veg,89,185.21,184.98,Dinner,Monday,0,No,0.23
Non-Veg,156,127.16,120.83,Lunch,Tuesday,0,No,6.33
Non-Veg,72,88.85,73.05,Dinner,Wednesday,0,No,15.8
Mixed,148,131.32,115.4,Dinner,Thursday,0,No,15.92
Non-Veg,52,137.32,126.54,Lunch,Friday,0,No,10.78
Non-Veg,85,93.08,81.28,Lunch,Saturday,1,No,11.8
Veg,156,136.35,135.07,Dinner,Sunday,1,Yes,1.28
Mixed,75,106.8,91.62,Dinner,Monday,0,No,15.18
Mixed,99,164.8,160.82,Dinner,Tuesday,0,No,3.98
Non-Veg,159,190.48,186.89,Lunch,Wednesday,0,No,3.59
Veg,150,142.03,123.08,Lunch,Thursday,0,No,18.95
Mixed,55,88.15,68.57,Lunch,Friday,0,No,19.58
Mixed,76,165.3,163.91,Dinner,Saturday,1,Yes,1.39
Veg,91,156.51,136.57,Lunch,Sunday,1,No,19.94
Non-Veg,83,85.78,82.36,Dinner,Monday,0,Yes,3.42
Non-Veg,162,146.37,134.66,Lunch,Tuesday,0,No,11.71
Veg,73,181.65,170.39,Lunch,Wednesday,0,No,11.26
Mixed,73,126.44,115.56,Lunch,Thursday,0,No,10.88
Veg,101,93.2,91.93,Dinner,Friday,0,Yes,1.27
Non-Veg,98,99.47,96.52,Lunch,Saturday,1,No,2.95
Mixed,175,172.27,157.19,Dinner,Sunday,1,No,15.08
Veg,155,177.45,164.34,Dinner,Monday,1,No,13.11
Non-Veg,106,125.77,118.9,Lunch,Tuesday,0,No,6.87
Non-Veg,124,84.88,79.34,Dinner,Wednesday,0,Yes,5.54
Non-Veg,66,173.09,156.92,Lunch,Thursday,0,No,16.17
Veg,158,174.97,155.74,Lunch,Friday,0,No,19.23
Mixed,112,124.43,107.26,Dinner,Saturday,1,No,17.17
Non-Veg,138,108.49,99.54,Lunch,Sunday,1,No,8.95
Mixed,120,181.31,169.39,Dinner,Monday,0,No,11.92
Mixed,83,194.79,177.59,Dinner,Tuesday,0,No,17.2
Mixed,94,176.59,165.67,Dinner,Wednesday,0,No,10.92
Veg,96,170.31,155.91,Dinner,Thursday,0,Yes,14.4
Mixed,68,125.32,107.67,Lunch,Friday,0,No,17.65
Veg,92,197.33,196.01,Lunch,Saturday,1,Yes,1.32
Veg,143,134.98,130.54,Dinner,Sunday,1,Yes,4.44
Non-Veg,108,96.65,89.6,Lunch,Monday,0,No,7.05
Veg,177,197.72,178.71,Lunch,Tuesday,0,No,19.01
Veg,164,191.87,187.3,Lunch,Wednesday,0,No,4.57
Veg,87,182.11,168.54,Dinner,Thursday,0,No,13.57
Mixed,89,107.19,95.59,Dinner,Friday,0,No,11.6
Mixed,156,196.45,181.31,Dinner,Saturday,1,No,15.14
Veg,121,102.05,96.87,Dinner,Sunday,1,Yes,5.18
Veg,66,154.49,147.64,Lunch,Monday,0,No,6.85
Non-Veg,51,136.8,126.72,Dinner,Tuesday,0,Yes,10.08
Mixed,155,129.38,123.77,Dinner,Wednesday,0,No,5.61
Mixed,95,181.04,175.46,Dinner,Thursday,0,No,5.58
Non-Veg,92,132.43,127.18,Dinner,Friday,0,No,5.25
Non-Veg,75,132.87,119.53,Lunch,Saturday,1,Yes,13.34
Non-Veg,58,116.11,106.87,Dinner,Sunday,1,Yes,9.24
Mixed,150,113.31,96.61,Lunch,Monday,0,No,16.7
Mixed,176,191.38,172.92,Lunch,Tuesday,0,No,18.46
Mixed,152,89.01,79.87,Dinner,Wednesday,0,Yes,9.14
Non-Veg,95,83.96,64.54,Dinner,Thursday,0,No,19.42
Veg,58,149.32,138.23,Dinner,Friday,0,Yes,11.09
Mixed,59,121.31,111.21,Dinner,Saturday,1,Yes,10.1
Veg,132,187.38,184.59,Dinner,Sunday,1,No,2.79
Mixed,57,85.29,77.91,Lunch,Monday,0,No,7.38
Veg,58,101.32,85.25,Dinner,Tuesday,0,No,16.07
Mixed,128,170.44,165.72,Dinner,Wednesday,0,No,4.72
Mixed,82,135.12,117.38,Dinner,Thursday,0,No,17.74
Mixed,143,150.02,143.93,Lunch,Friday,0,No,6.09
Mixed,169,194.18,175.48,Dinner,Saturday,1,No,18.7
Mixed,74,111.82,110.94,Lunch,Sunday,1,No,0.88
